#{"t_start": 1683635334.1691422, "env_id": "TestEnvironment-v1"}
r,l,t
0.167618,100,2.730575
0.244261,100,52.2621
0.224363,100,52.767052
0.521224,100,53.215167
1.231341,100,53.703643
0.184944,100,54.191638
0.127779,100,54.683392
0.018299,100,55.1589
0.736614,100,55.661096
0.713901,100,56.140782
0.061234,100,56.659596
0.291173,100,57.187422
0.357141,100,57.817601
1.849194,100,58.344788
1.837541,100,58.857937
1.58079,100,59.373621
4.046076,100,59.939844
1.548299,100,60.453346
0.170335,100,60.969973
0.134476,100,61.568985
5.162782,100,62.108416
0.25764,100,62.626061
1e-06,100,63.143845
10.513707,100,63.650119
21.651463,100,64.19085
9.526283,100,64.768485
64.357561,100,65.289408
9.355012,100,65.878129
0.004123,100,66.360891
9.252305,100,66.921362
2.026224,100,67.481136
14.522195,100,68.060623
58.367172,100,68.662813
4.459844,100,69.192384
8.48711,100,69.717193
0.29823,100,70.269459
8.443745,100,70.838361
2.852101,100,71.384403
9.271491,100,71.95776
3.024681,100,72.549705
3.95213,100,73.093821
81.84459,100,73.678374
5.389839,100,74.233421
3.754744,100,74.799977
0.853488,100,75.391368
13.996572,100,75.940848
0.254412,100,76.632517
0.019267,100,77.165199
0.005216,100,77.626702
0.00467,100,78.101634
0.02156,100,78.593922
0.040269,100,79.063439
0.000182,100,79.553003
0.402689,100,80.009004
0.745007,100,80.490677
72.77758,100,81.037874
0.327789,100,81.51617
0.389928,100,81.99418
0.857794,100,82.463379
0.809206,100,82.999877
44.533969,100,83.506895
74.966651,100,83.992317
88.514462,100,84.491003
0.076236,100,85.084352
0.082581,100,85.705683
0.026623,100,86.296577
0.171547,100,86.791855
0.008063,100,87.292424
1.274909,100,87.798104
0.398977,100,88.314824
18.94332,100,88.86989
2.257924,100,89.392486
0.936078,100,89.883224
6.947254,100,90.386242
2.712491,100,90.870945
0.095647,100,91.37628
0.02168,100,91.850506
0.000173,100,92.319088
69.715803,100,92.855627
1.42061,100,93.362744
0.191735,100,93.86771
0.22837,100,94.342544
2.681465,100,94.948089
15.942358,100,95.638401
6.144706,100,96.261485
0.026062,100,96.83094
25.632501,100,97.390395
0.124261,100,97.93301
17.063739,100,98.516901
0.185902,100,99.001418
68.881076,100,99.513418
16.485864,100,100.053064
0.652231,100,100.524371
53.365759,100,101.017801
0.269117,100,101.482335
2.937287,100,101.934129
0.28537,100,102.409375
38.27239,100,102.910082
0.027448,100,103.40482
0.015246,100,103.898616
0.253885,100,104.364445
9.25928,100,104.82212
33.106045,100,105.323478
0.459545,100,105.793635
0.829948,100,106.264801
2.028013,100,106.745599
4.866526,100,107.208955
9.788132,100,107.669126
89.027884,100,108.175732
7.101834,100,108.691828
1.391849,100,109.153266
29.024008,100,109.741249
5.362406,100,110.35694
2.212734,100,110.938011
1.182545,100,111.462172
0.844391,100,111.936456
5.261624,100,112.415714
26.769297,100,112.930073
7.30627,100,113.38871
2.501068,100,113.86753
6.798413,100,114.397466
11.533467,100,114.854893
5.26134,100,115.337003
1.706213,100,115.802702
6.189764,100,116.273537
0.942665,100,116.760897
1.85374,100,117.233577
4.749139,100,117.711581
4.152449,100,118.195026
0.677431,100,118.681483
53.85314,100,119.170252
51.445988,100,119.680999
0.797052,100,120.161118
5.674242,100,120.673384
12.004725,100,121.265151
1.147885,100,121.848917
35.401008,100,122.430332
5.182799,100,123.014872
35.189424,100,123.520451
16.226431,100,124.162418
27.765189,100,124.676584
36.184935,100,125.229076
3.176932,100,125.716375
10.878065,100,126.193884
7.203975,100,126.666188
7.976425,100,127.131516
1.897984,100,127.648079
15.190467,100,128.153948
8.430565,100,128.661009
13.123982,100,129.187848
18.116359,100,129.754208
0.135666,100,130.345547
6.7475,100,130.840555
19.549654,100,131.493597
14.70983,100,131.983398
3.387186,100,132.463279
15.702134,100,132.958095
4.270982,100,133.460547
60.284549,100,133.946378
12.502788,100,134.4733
21.845603,100,134.995487
2.781796,100,135.515294
26.718722,100,136.027203
52.742133,100,136.516854
4.933271,100,137.02549
20.088027,100,137.504521
17.298367,100,138.020854
19.514313,100,138.524603
23.779393,100,139.065111
31.297981,100,139.578983
30.587829,100,140.100921
19.563353,100,140.624382
19.95312,100,141.136519
8.01477,100,141.705609
30.979916,100,142.286926
86.710897,100,142.836374
39.900081,100,143.31409
34.843915,100,143.788863
84.99391,100,144.380896
25.96818,100,144.853077
17.149406,100,145.306294
24.156993,100,145.785738
60.916532,100,146.273486
71.569573,100,146.879486
33.840328,100,147.35078
76.889072,100,147.877421
21.349787,100,148.409017
30.545481,100,148.959932
87.779306,100,149.615046
82.779913,100,150.242242
35.184182,100,150.739409
1.28156,100,151.232102
14.136257,100,151.876784
85.46456,100,152.397004
51.921005,100,152.930422
27.132662,100,153.456209
20.0477,100,153.981026
30.016167,100,154.495107
10.782086,100,154.989336
24.678175,100,155.545059
67.710593,100,156.093915
22.031509,100,156.600213
31.885054,100,157.121721
57.715982,100,157.641599
35.080535,100,158.174509
77.295805,100,158.737185
61.439228,100,159.310947
7.220624,100,159.818113
31.337363,100,160.330471
41.552349,100,160.86608
30.601933,100,161.405656
43.757705,100,162.00855
28.065825,100,162.557407
41.25374,100,163.146213
15.988841,100,163.692354
78.418519,100,164.296681
25.077231,100,164.849271
30.732649,100,165.417926
32.911004,100,165.974857
40.638971,100,166.530826
8.18477,100,167.095544
25.852412,100,167.657987
84.313236,100,168.240422
12.892495,100,168.812829
52.038309,100,169.458769
43.668497,100,170.017778
22.859413,100,170.666744
9.578432,100,171.222664
34.385297,100,171.836152
32.254894,100,172.466457
20.551299,100,173.040237
73.063245,100,173.621655
13.510661,100,174.089122
45.253452,100,174.567597
35.122564,100,175.036196
20.374994,100,175.520327
3.967542,100,176.141312
37.020823,100,176.812536
55.775036,100,177.321033
17.646987,100,177.804226
51.085988,100,178.304827
41.975784,100,178.805057
36.849712,100,179.330957
41.048758,100,179.833402
46.074264,100,180.365341
26.807014,100,180.953533
59.693791,100,181.590625
60.916984,100,182.135114
42.489494,100,182.662827
20.477669,100,183.128371
77.777138,100,183.68976
34.923698,100,184.157959
30.000199,100,184.666627
25.920663,100,185.154804
31.535433,100,185.645633
40.184233,100,186.139738
33.410034,100,186.640092
82.395742,100,187.159883
38.775687,100,187.654025
31.326661,100,188.114704
42.942037,100,188.693856
21.784563,100,189.295999
81.506017,100,189.861692
75.668607,100,190.37896
35.427108,100,190.852391
41.560103,100,191.34049
20.404392,100,191.832444
47.160755,100,192.344232
53.140057,100,192.872653
39.074624,100,193.528145
41.851217,100,194.044755
26.529977,100,194.70974
14.530859,100,195.290244
33.202645,100,195.826427
23.612182,100,196.319225
39.548667,100,196.882303
39.158756,100,197.374958
50.194097,100,197.991126
38.714678,100,198.506538
83.128593,100,199.117552
33.598317,100,199.652877
33.572179,100,200.237288
32.11175,100,200.832603
34.574155,100,201.478824
50.13544,100,202.039
28.942938,100,202.540845
54.044023,100,203.093183
43.504324,100,203.615715
35.164125,100,204.168662
74.666817,100,204.757279
80.68849,100,205.362837
41.119193,100,205.923529
36.840313,100,206.419203
45.081488,100,207.002872
16.608216,100,207.567634
41.156297,100,208.10337
39.033496,100,208.705859
33.7636,100,209.267686
34.051518,100,209.83081
41.152003,100,210.406255
43.09919,100,210.955314
33.120351,100,211.517515
38.080027,100,212.073832
41.634674,100,212.638282
82.83823,100,213.254126
48.157818,100,213.811536
45.663704,100,214.371028
83.013989,100,214.983813
79.902031,100,215.594445
41.550556,100,216.178554
32.923686,100,216.850054
49.528958,100,217.360743
53.660888,100,217.938998
34.034374,100,218.489109
55.581713,100,219.149836
42.968498,100,219.731743
36.778864,100,220.419577
41.006926,100,221.007693
49.251466,100,221.640969
32.22943,100,222.195702
42.665347,100,222.873405
45.783856,100,223.461263
66.526742,100,224.034974
76.671087,100,224.602905
86.993759,100,225.290446
65.092228,100,225.781609
31.836218,100,226.266624
60.813217,100,226.824322
45.035242,100,227.313391
44.911483,100,227.806134
46.205685,100,228.334313
84.935935,100,228.875593
43.683838,100,229.373942
48.450453,100,229.8774
44.821162,100,230.376685
39.425132,100,230.87872
73.666499,100,231.383253
70.97812,100,231.909405
57.602083,100,232.454724
83.287212,100,232.969851
56.561858,100,233.482574
64.197905,100,233.978782
60.667159,100,234.501259
32.203903,100,234.963121
31.591615,100,235.43241
46.188738,100,235.924876
76.640736,100,236.443325
42.040081,100,236.925683
53.440276,100,237.426333
83.694211,100,237.942932
55.677925,100,238.411642
75.987111,100,238.957631
42.167573,100,239.525544
79.579233,100,240.100074
45.582376,100,240.589391
72.476461,100,241.073254
46.162928,100,241.639289
47.858102,100,242.119841
36.83645,100,242.609758
38.234251,100,243.111644
71.621275,100,243.616398
72.520309,100,244.141567
33.857283,100,244.704299
65.776188,100,245.575076
36.645785,100,246.290092
75.443467,100,246.988595
34.821516,100,247.577854
72.50979,100,248.126333
51.87949,100,248.659852
41.817323,100,249.201913
43.16833,100,249.766273
39.652063,100,250.315211
37.313349,100,250.857269
75.441115,100,251.386227
50.051075,100,251.877773
67.768023,100,252.37864
81.280139,100,252.996358
44.387196,100,253.526355
41.416545,100,254.050999
48.225471,100,254.617822
64.903308,100,255.166058
66.528911,100,255.709307
73.362441,100,256.227459
72.744843,100,256.782824
72.154504,100,257.347619
44.716998,100,257.91325
70.215532,100,258.428406
40.041622,100,258.98334
73.264161,100,259.572015
77.96062,100,260.13014
66.39217,100,260.666402
79.881385,100,261.220459
78.596019,100,261.83173
41.706052,100,262.481673
30.347181,100,263.062078
69.167387,100,263.654362
72.819943,100,264.338779
43.285189,100,264.93714
28.3583,100,265.482201
49.834964,100,266.027304
75.496607,100,266.593892
42.647045,100,267.182249
41.903372,100,267.802655
41.488122,100,268.386028
49.615734,100,268.960748
65.878612,100,269.55541
36.651847,100,270.137154
53.242584,100,270.849931
47.475203,100,271.481882
47.487805,100,272.041787
48.325878,100,272.528306
76.565644,100,273.056679
77.145224,100,273.691577
40.150593,100,274.345202
50.726195,100,274.989266
52.840962,100,275.556647
81.766756,100,276.317778
71.838017,100,276.839781
56.576631,100,277.33839
80.953903,100,277.891307
79.001738,100,278.473384
74.763335,100,279.010704
47.611985,100,279.585816
77.581024,100,280.110767
66.999988,100,280.703399
75.813936,100,281.317587
81.528976,100,281.864938
70.86174,100,282.355578
41.399462,100,282.864262
43.003218,100,283.371346
55.877928,100,283.951582
68.193783,100,284.608632
45.329004,100,285.231263
46.949702,100,285.816821
67.005288,100,286.460556
48.09801,100,287.125916
45.330317,100,287.630355
64.234429,100,288.149498
46.628545,100,288.732253
53.964664,100,289.358613
40.132661,100,289.953269
52.233027,100,290.496444
73.879924,100,291.028341
57.462029,100,291.535856
71.695964,100,292.169344
48.051517,100,292.76845
36.443704,100,293.320683
59.854296,100,293.959621
73.701215,100,294.527293
53.336638,100,295.034961
72.405878,100,295.537951
40.780709,100,296.064499
36.604991,100,296.612835
47.52958,100,297.101865
65.222929,100,297.636276
76.879987,100,298.153095
84.476686,100,298.684108
50.392811,100,299.198302
80.20213,100,299.782388
49.721041,100,300.50903
67.23514,100,301.090375
38.444209,100,301.600375
59.851287,100,302.131465
72.313375,100,302.674824
48.351566,100,303.245333
39.641136,100,303.782432
52.262454,100,304.323309
77.076896,100,304.86435
43.117236,100,305.386443
73.835856,100,305.904335
56.939647,100,306.431405
69.707175,100,306.949669
76.094497,100,307.47475
50.233004,100,308.012003
74.615434,100,308.524756
69.537376,100,309.06396
32.486819,100,309.60058
72.46185,100,310.157087
49.145598,100,310.691022
72.35487,100,311.210007
72.353612,100,311.687363
75.107715,100,312.224919
71.897322,100,312.710282
41.380249,100,313.223862
78.078872,100,313.736457
38.125376,100,314.221813
43.175994,100,314.718391
63.018435,100,315.238054
66.910876,100,315.733836
46.054661,100,316.22012
76.782679,100,316.764366
80.280306,100,317.258471
44.903021,100,317.746081
52.562098,100,318.289658
32.83848,100,318.805882
81.563278,100,319.378639
49.822386,100,319.912334
54.55938,100,320.404507
80.044945,100,320.958839
66.184631,100,321.508112
65.29187,100,322.035296
49.219709,100,322.52664
80.183427,100,323.045714
74.492604,100,323.615255
61.718072,100,324.139253
66.636516,100,324.682933
38.955691,100,325.203396
59.41127,100,325.718684
42.734086,100,326.241007
55.247213,100,326.723595
58.938104,100,327.239028
80.519008,100,327.792039
71.263186,100,328.290909
38.745863,100,328.819697
68.957627,100,329.285057
40.248912,100,329.733779
75.743981,100,330.213952
45.342155,100,330.706201
36.578092,100,331.198132
72.293904,100,331.66715
37.217032,100,332.147383
48.040975,100,332.596554
80.351399,100,333.096756
52.610513,100,333.65751
76.731703,100,334.150699
72.547202,100,334.655147
81.873903,100,335.169358
57.327302,100,335.663667
79.077754,100,336.23242
64.211585,100,336.736593
31.027458,100,337.227138
43.499535,100,337.779464
81.128101,100,338.290706
53.406692,100,338.789002
58.849116,100,339.308878
58.284314,100,339.773921
66.81599,100,340.258063
49.625387,100,340.744516
82.888163,100,341.277712
52.080199,100,341.771199
78.043177,100,342.268835
77.18551,100,342.758093
72.805803,100,343.337498
31.506522,100,343.871097
85.590086,100,344.446457
61.955151,100,345.000146
47.268258,100,345.465869
70.7564,100,345.97049
78.708892,100,346.54031
42.679596,100,347.050167
55.505342,100,347.558176
70.976897,100,348.041563
78.085207,100,348.538074
81.729779,100,349.059701
39.197224,100,349.522726
43.950194,100,350.06325
61.402848,100,350.559521
46.557966,100,351.045834
76.061433,100,351.558752
44.408049,100,352.094199
79.5112,100,352.601557
56.209086,100,353.058285
47.695158,100,353.586123
54.741326,100,354.084132
43.483293,100,354.555896
81.237096,100,355.110236
50.845412,100,355.581228
66.37592,100,356.064067
79.245906,100,356.602433
47.575301,100,357.076497
54.594482,100,357.549443
67.780744,100,358.05268
65.177386,100,358.605536
50.392527,100,359.083141
67.029912,100,359.592746
70.003375,100,360.113868
39.893722,100,360.662547
49.267964,100,361.153904
73.226466,100,361.705907
41.067455,100,362.228148
58.897684,100,362.771002
44.02955,100,363.258932
48.207028,100,363.74406
44.343767,100,364.23536
78.576185,100,364.738332
47.398171,100,365.216996
72.14365,100,365.730304
55.001929,100,366.269667
49.173483,100,366.778698
54.1247,100,367.266332
76.742859,100,367.832657
66.260406,100,368.335308
70.435266,100,368.798872
71.85031,100,369.299344
69.187459,100,369.777069
49.762583,100,370.320008
74.559908,100,370.838093
72.84131,100,371.380962
75.00787,100,371.87342
44.985932,100,372.361262
69.396396,100,372.927914
75.681684,100,373.437273
58.570416,100,373.963103
80.163719,100,374.476089
49.68808,100,374.95043
61.191879,100,375.457228
79.516192,100,375.976646
58.167428,100,376.466446
77.275837,100,376.996573
58.593907,100,377.491701
65.316218,100,377.985791
82.100723,100,378.481574
72.637245,100,378.981631
62.176749,100,379.477215
52.524362,100,379.953577
66.418211,100,380.471961
83.624757,100,380.983071
71.128638,100,381.45238
73.225824,100,381.931074
42.348243,100,382.456666
48.84771,100,382.950759
32.676036,100,383.458487
51.050415,100,383.956641
47.457172,100,384.474471
48.811221,100,385.02175
77.894409,100,385.545582
82.105571,100,386.059077
46.870924,100,386.524996
42.543786,100,386.999226
50.983138,100,387.475961
49.483727,100,387.9379
54.410338,100,388.403189
84.707458,100,388.89216
71.433358,100,389.39081
67.032627,100,389.906826
53.807951,100,390.426492
70.365129,100,390.907646
80.187476,100,391.396981
55.975765,100,391.92517
48.476052,100,392.401838
59.746281,100,392.896386
72.850497,100,393.406466
72.472841,100,393.889454
81.352593,100,394.413901
72.339033,100,394.8917
72.395001,100,395.388093
83.187204,100,395.97361
52.729076,100,396.447813
47.875291,100,396.926581
78.842716,100,397.428817
56.451439,100,397.919775
55.774226,100,398.461099
72.179987,100,398.924894
80.206144,100,399.43134
80.328738,100,399.924813
64.882785,100,400.453939
77.891654,100,401.061181
68.220286,100,401.549099
64.870687,100,402.054579
49.39917,100,402.567636
70.913817,100,403.068333
82.353605,100,403.571343
46.344286,100,404.115529
62.52459,100,404.645663
83.225339,100,405.185358
79.626966,100,405.700867
78.630199,100,406.226923
79.108699,100,406.721246
80.925123,100,407.206311
69.260532,100,407.729574
67.034192,100,408.236197
71.837733,100,408.721422
47.686815,100,409.2098
62.122097,100,409.679627
73.258964,100,410.199079
55.250425,100,410.689479
51.777654,100,411.167658
79.078399,100,411.743514
68.580014,100,412.243373
75.905303,100,412.729752
48.693208,100,413.242664
73.811272,100,413.785232
38.224258,100,414.274309
60.240556,100,414.791368
45.911647,100,415.296757
54.983527,100,415.800762
81.946691,100,416.344738
82.309333,100,416.837706
76.667102,100,417.316226
68.80645,100,417.815333
56.736133,100,418.291883
76.759684,100,418.871007
61.75759,100,419.348789
71.807883,100,419.879899
75.899563,100,420.409872
69.458818,100,420.892817
78.693924,100,421.392425
79.788957,100,421.917567
75.0629,100,422.446259
47.570224,100,422.913488
58.195999,100,423.425541
83.109731,100,423.929945
57.401558,100,424.398019
59.872941,100,424.893988
72.084374,100,425.402657
75.67142,100,425.945288
78.790384,100,426.509279
63.381552,100,427.024403
61.417383,100,427.518346
52.786413,100,428.021784
76.199111,100,428.550577
72.068729,100,429.060759
76.229729,100,429.531126
73.121795,100,430.004531
52.192641,100,430.493621
73.647196,100,431.021098
64.78468,100,431.48403
70.594907,100,431.970371
51.791254,100,432.475442
83.821748,100,433.032946
70.121041,100,433.524444
54.411703,100,434.00138
70.441055,100,434.477683
68.814278,100,434.965464
81.411744,100,435.486535
50.659933,100,435.994225
83.04453,100,436.492578
49.751976,100,436.960523
60.554474,100,437.440239
79.925653,100,438.029321
44.270328,100,438.50671
73.765287,100,438.997223
58.453549,100,439.490038
68.174908,100,440.00924
66.466114,100,440.549522
84.51343,100,441.158539
53.324258,100,441.67713
55.682015,100,442.231536
63.011795,100,442.743877
74.6866,100,443.241445
76.340669,100,443.785534
72.854192,100,444.293794
55.871345,100,444.773549
59.296861,100,445.284595
84.688933,100,445.796329
75.345842,100,446.288773
80.528292,100,446.79048
51.7255,100,447.249346
70.163148,100,447.739094
57.025014,100,448.246213
72.801633,100,448.746625
49.309812,100,449.241062
49.346207,100,449.752348
81.232801,100,450.257774
46.061482,100,450.731142
60.831913,100,451.250401
66.656078,100,451.747762
58.573273,100,452.227847
51.863734,100,452.795753
78.199792,100,453.357093
71.066022,100,453.839538
58.410023,100,454.342954
76.004155,100,454.846674
78.490223,100,455.325672
56.887263,100,455.825543
32.142089,100,456.318156
76.654384,100,456.823263
62.826942,100,457.329374
70.655134,100,457.809549
71.366854,100,458.309591
79.259616,100,458.836761
73.352501,100,459.304216
61.514509,100,459.782232
70.135808,100,460.278208
64.6283,100,460.769181
80.99707,100,461.269347
56.515676,100,461.776114
70.185838,100,462.261635
71.877388,100,462.792694
80.651645,100,463.322577
50.363949,100,463.796041
50.876406,100,464.316522
84.410242,100,464.829767
49.147883,100,465.410131
69.528465,100,465.889579
64.481785,100,466.37545
77.348209,100,466.883364
50.725285,100,467.3929
72.451685,100,467.949922
81.444116,100,468.477287
48.731374,100,468.973464
33.456263,100,469.439977
71.053856,100,469.906915
66.917291,100,470.391589
66.593145,100,470.890144
73.179956,100,471.423697
79.064468,100,471.921804
69.483296,100,472.52566
80.86059,100,473.047918
65.733452,100,473.541427
65.901088,100,474.023499
65.652527,100,474.499379
83.615742,100,475.046442
66.010767,100,475.523847
70.612446,100,476.052224
83.555099,100,476.521307
79.959881,100,476.994466
78.348938,100,477.462523
50.62151,100,477.939282
70.438344,100,478.438041
19.475528,100,478.929776
38.614673,100,479.423796
81.784963,100,479.990721
78.66819,100,480.476029
55.050492,100,480.947658
74.873796,100,481.431955
54.487615,100,481.884139
47.427555,100,482.359118
57.858979,100,482.915736
57.819409,100,483.460609
59.225892,100,483.962338
67.640917,100,484.437016
84.052454,100,484.930263
71.46009,100,485.454302
68.048797,100,485.976845
74.633266,100,486.553339
70.140745,100,487.153951
55.631218,100,487.731151
58.980974,100,488.468979
65.537142,100,489.106387
52.383687,100,489.602052
78.945961,100,490.097041
72.1801,100,490.581199
82.735344,100,491.070133
84.423151,100,491.626957
64.448843,100,492.177702
50.273102,100,492.676068
82.38648,100,493.223606
72.710997,100,493.808593
69.546517,100,494.477048
73.232104,100,495.004645
62.143083,100,495.489424
74.342256,100,496.009185
76.714226,100,496.548716
73.272469,100,497.026801
66.335673,100,497.517405
33.701345,100,498.007541
66.414821,100,498.601964
72.086413,100,499.141793
71.252941,100,499.650388
83.235418,100,500.202752
73.473796,100,500.708268
62.468447,100,501.193808
84.964611,100,501.724729
82.787441,100,502.246803
64.206045,100,502.755742
53.518162,100,503.282762
73.461973,100,503.768693
60.567739,100,504.273901
81.465819,100,504.840554
81.123648,100,505.425994
80.109985,100,506.031448
47.873992,100,506.534178
66.457203,100,507.078984
49.36408,100,507.666521
74.679106,100,508.286639
76.596303,100,508.859081
72.481763,100,509.413498
78.109795,100,509.998966
65.361407,100,510.53722
62.619349,100,511.07651
59.827624,100,511.666174
51.195493,100,512.207793
82.860209,100,512.80329
69.693675,100,513.407779
48.326894,100,513.971123
38.1179,100,514.532788
61.013787,100,515.120918
68.417834,100,515.733323
59.790366,100,516.380524
46.563484,100,516.934919
53.939709,100,517.427099
44.807799,100,517.899051
82.70636,100,518.448291
54.65537,100,518.9691
61.75238,100,519.468785
78.900568,100,519.934171
75.964821,100,520.418885
57.997071,100,520.880355
43.817409,100,521.353322
82.417929,100,521.913252
44.202055,100,522.436468
65.588914,100,522.912956
57.172075,100,523.374929
69.343147,100,523.883859
85.226873,100,524.396867
57.785332,100,524.867744
60.321545,100,525.337277
56.501014,100,525.840911
69.895405,100,526.36474
42.736472,100,526.870147
82.350591,100,527.390852
82.731755,100,527.931018
83.164577,100,528.413353
61.500762,100,528.946179
78.238492,100,529.472815
48.113889,100,529.972874
49.263408,100,530.475897
81.6761,100,531.062085
69.172325,100,531.829557
78.332944,100,532.403717
55.564208,100,532.96552
64.880986,100,533.660203
60.089676,100,534.45864
62.906636,100,535.103084
83.832407,100,535.750032
62.380776,100,536.524306
79.322815,100,537.145363
52.441478,100,537.827362
46.596148,100,538.392422
76.107393,100,538.901871
45.491487,100,539.436188
69.301465,100,539.916819
79.934814,100,540.463965
57.553776,100,540.997945
72.225344,100,541.49503
73.476929,100,541.993407
62.664951,100,542.517403
58.773388,100,543.034079
59.706479,100,543.546536
72.21264,100,544.017425
77.536172,100,544.507736
61.990363,100,545.00942
72.250811,100,545.549918
83.270354,100,546.118428
63.611136,100,546.727186
83.761154,100,547.322761
47.225674,100,547.865062
62.466068,100,548.381362
71.627006,100,548.855416
68.043778,100,549.339781
69.685448,100,549.96446
79.885587,100,550.58871
55.348448,100,551.136593
79.023569,100,551.632398
71.60553,100,552.14882
79.370094,100,552.675261
51.414987,100,553.217944
56.001067,100,553.741228
78.641295,100,554.304907
77.312666,100,554.869082
63.32673,100,555.39138
48.419232,100,555.911896
65.432826,100,556.491153
67.273691,100,557.040332
80.208989,100,557.600679
54.36815,100,558.175607
79.372657,100,558.757217
61.144671,100,559.321794
72.029428,100,559.885583
78.400518,100,560.468383
60.437546,100,561.024787
83.936148,100,561.66837
86.8696,100,562.305437
83.271338,100,562.89733
76.032403,100,563.460523
33.32372,100,564.040133
54.14594,100,564.628107
81.982601,100,565.29463
42.141493,100,565.874452
68.879336,100,566.453236
79.706856,100,567.088063
46.570234,100,567.711047
82.929269,100,568.473093
39.821252,100,569.090904
80.256008,100,569.845892
60.919425,100,570.478878
54.036587,100,571.006064
83.978059,100,571.648569
50.073617,100,572.19366
82.080653,100,572.693397
78.416485,100,573.162014
68.495851,100,573.68477
69.153721,100,574.201004
84.295022,100,574.733037
58.437659,100,575.3318
76.21653,100,575.851107
74.746285,100,576.454429
49.036791,100,576.948045
78.297458,100,577.480684
67.121164,100,578.017895
66.228933,100,578.587645
60.522398,100,579.183169
79.556773,100,579.890424
84.336412,100,580.42977
71.065755,100,580.940609
73.256079,100,581.490358
85.487878,100,582.098034
79.279623,100,582.666934
76.808577,100,583.2395
73.63346,100,583.763657
76.289882,100,584.289098
58.838857,100,584.798032
72.567148,100,585.366654
74.232275,100,585.887496
67.642512,100,586.441371
82.356364,100,587.065289
83.241106,100,587.589838
51.086209,100,588.119038
56.832716,100,588.676681
38.141047,100,589.201616
65.007538,100,589.735532
82.960342,100,590.364258
68.678597,100,590.909614
82.524673,100,591.499983
51.973718,100,592.08564
77.829999,100,592.637425
60.503798,100,593.224453
62.625275,100,593.780892
28.882034,100,594.293776
63.640619,100,594.763005
68.559304,100,595.231931
61.837161,100,595.703719
84.137698,100,596.205816
61.969594,100,596.687804
75.451291,100,597.167729
70.067162,100,597.636963
79.990444,100,598.148704
65.196754,100,598.662567
83.485811,100,599.15535
51.953027,100,599.775209
78.321129,100,600.350264
55.448119,100,600.950687
54.462251,100,601.793705
84.807981,100,602.558509
59.127088,100,603.379506
79.770112,100,603.920669
80.519579,100,604.407789
45.330404,100,604.891475
61.016414,100,605.451257
81.316434,100,606.008253
56.143967,100,606.474999
64.955431,100,607.022303
48.542568,100,607.583808
39.995187,100,608.062937
80.813612,100,608.521194
63.732415,100,609.008647
85.094988,100,609.6368
53.493859,100,610.146184
82.262785,100,610.638743
72.646951,100,611.13377
71.795101,100,611.650157
66.533397,100,612.203003
69.890958,100,612.722933
69.780362,100,613.429668
78.686656,100,613.980605
72.747932,100,614.501659
80.582312,100,615.010345
85.107986,100,615.627434
72.845266,100,616.255667
69.696072,100,616.88547
38.401975,100,617.478009
79.173459,100,617.993891
79.586267,100,618.519767
49.80969,100,618.999843
79.319695,100,619.541224
81.11204,100,620.098879
67.247695,100,620.651221
65.957284,100,621.195331
80.312965,100,621.697161
81.938456,100,622.244557
59.271751,100,622.790085
76.739741,100,623.333836
82.499007,100,623.89537
80.574382,100,624.446847
84.994716,100,625.019052
79.092698,100,625.54896
53.889599,100,626.107859
83.13346,100,626.714061
61.038946,100,627.253962
60.548643,100,627.804724
71.69286,100,628.403128
65.486929,100,628.944183
75.345271,100,629.467208
80.306925,100,630.044917
77.799527,100,630.641538
81.385626,100,631.226595
81.581162,100,631.947862
71.50636,100,632.683207
74.888768,100,633.288986
82.73489,100,633.907519
50.813083,100,634.572301
69.97289,100,635.250612
60.864283,100,635.820446
51.618777,100,636.668166
56.298451,100,637.36986
61.66265,100,637.874621
53.406427,100,638.480953
78.173604,100,638.981006
79.0258,100,639.487289
61.721244,100,640.161125
79.119471,100,640.753301
83.555867,100,641.267804
69.354732,100,641.756765
78.982714,100,642.257549
67.183346,100,642.738412
79.317606,100,643.214333
79.94832,100,643.692513
78.569852,100,644.249356
76.542478,100,644.805912
77.238997,100,645.312563
76.123739,100,645.816
45.853106,100,646.298525
81.849879,100,646.778361
82.813411,100,647.329782
77.492699,100,647.923423
66.456305,100,648.682118
62.874349,100,649.188559
68.335308,100,649.681284
67.34968,100,650.166445
64.371408,100,650.645039
54.797458,100,651.217778
73.461462,100,651.72736
63.487959,100,652.291419
85.583255,100,652.775827
82.221723,100,653.340909
45.544953,100,653.875329
63.907504,100,654.501217
79.22178,100,655.017436
79.504395,100,655.541642
57.912637,100,656.028364
82.640936,100,656.53223
72.013097,100,657.032604
81.577411,100,657.632926
81.873446,100,658.149087
83.80681,100,658.688336
65.352556,100,659.167234
56.280679,100,659.668064
77.959709,100,660.196054
61.352559,100,660.701579
75.860474,100,661.228975
70.425983,100,661.792945
84.835927,100,662.326542
48.39226,100,662.817703
50.927493,100,663.392369
61.590786,100,663.945648
51.821616,100,664.46443
62.223323,100,665.002319
78.890408,100,665.580065
83.850915,100,666.184713
67.643052,100,666.756715
82.606043,100,667.319423
69.496842,100,667.866982
65.131546,100,668.472445
73.152691,100,669.004709
54.119936,100,669.557432
59.252981,100,670.117156
83.869546,100,670.702041
79.211391,100,671.315068
76.153319,100,671.897263
58.303502,100,672.592442
68.347825,100,673.147125
70.468602,100,673.620013
80.231606,100,674.112759
78.554453,100,674.625636
76.187631,100,675.090353
73.696451,100,675.565857
83.181987,100,676.137639
75.701591,100,676.75254
77.340945,100,677.358587
69.470191,100,678.051139
47.790602,100,678.652737
69.955388,100,679.1248
53.912604,100,679.63673
61.244836,100,680.178598
78.367552,100,680.729646
68.149068,100,681.323886
58.364041,100,681.89748
55.083553,100,682.513901
76.844945,100,683.241712
55.403273,100,683.891463
72.609568,100,684.479193
57.330302,100,685.036913
83.965355,100,685.710363
76.670272,100,686.263336
82.890514,100,686.77591
65.404974,100,687.266181
70.181721,100,687.749629
68.870408,100,688.277778
78.729616,100,688.824882
46.76984,100,689.374479
60.014855,100,689.983981
69.828351,100,690.503044
81.907861,100,691.029828
76.387758,100,691.52808
50.839773,100,692.042037
66.51337,100,692.530512
84.227846,100,693.047386
78.730542,100,693.522784
70.832051,100,694.020534
80.281297,100,694.592319
85.295518,100,695.455791
79.093551,100,696.204446
77.050197,100,696.896375
67.322978,100,697.489584
65.920107,100,697.986293
41.920298,100,698.48857
79.189755,100,698.959069
81.38812,100,699.429304
79.374117,100,699.947678
76.035334,100,700.479154
69.021989,100,701.002243
65.233595,100,701.506436
58.191558,100,702.002358
50.529066,100,702.573979
67.426898,100,703.089942
80.237391,100,703.57903
79.030319,100,704.123749
47.869069,100,704.597544
50.72745,100,705.076605
64.974628,100,705.566544
66.20919,100,706.130345
56.547481,100,706.637182
44.045124,100,707.133584
52.747967,100,707.651358
79.613422,100,708.213136
78.633228,100,708.767018
84.726585,100,709.302441
74.102054,100,709.821886
68.224762,100,710.393795
77.441606,100,710.899102
84.485321,100,711.427556
74.338208,100,712.006886
64.78408,100,712.521814
48.308596,100,713.03997
80.60292,100,713.572768
79.789005,100,714.057864
49.344076,100,714.538175
76.601699,100,715.038549
73.686755,100,715.598127
75.907737,100,716.104891
85.278785,100,716.649292
75.719961,100,717.170362
65.674254,100,717.690223
64.580995,100,718.174587
63.743505,100,718.698526
76.487665,100,719.19956
68.119154,100,719.678125
64.601207,100,720.153534
49.418788,100,720.644121
85.976062,100,721.195032
67.783476,100,721.692915
64.947144,100,722.22675
62.076121,100,722.76891
72.30528,100,723.3659
75.257693,100,723.893888
63.419204,100,724.406951
81.01799,100,724.937584
83.619385,100,725.511296
58.202563,100,726.016983
77.362932,100,726.582443
60.773529,100,727.120225
84.62755,100,727.655029
77.657032,100,728.189836
54.357566,100,728.73758
77.014306,100,729.213771
75.443838,100,729.754846
67.834041,100,730.245622
71.122036,100,730.71964
50.09531,100,731.215659
85.783745,100,731.7749
71.353968,100,732.311968
77.216674,100,732.842508
84.185872,100,733.362378
84.914438,100,733.86347
82.469967,100,734.37052
61.72076,100,734.858937
54.755129,100,735.375173
68.153553,100,735.888121
79.667786,100,736.424321
71.650919,100,736.905325
49.952228,100,737.431277
60.098289,100,737.91319
84.011725,100,738.490162
51.040505,100,739.033696
78.78074,100,739.529631
53.517635,100,740.047607
71.254933,100,740.561423
34.805472,100,741.032441
81.892893,100,741.534395
77.528142,100,742.038935
83.20077,100,742.58202
69.660949,100,743.078233
48.991536,100,743.564938
77.082634,100,744.046187
77.259204,100,744.582878
56.79193,100,745.07263
74.328328,100,745.597173
58.607434,100,746.081387
81.12099,100,746.590047
71.454482,100,747.129747
83.881504,100,747.647335
61.536834,100,748.112764
75.254005,100,748.59608
79.836684,100,749.176593
67.623614,100,749.720975
45.151701,100,750.205662
82.748103,100,750.690836
60.285392,100,751.174714
64.483721,100,751.710827
73.338861,100,752.222533
60.142966,100,752.687087
62.103486,100,753.156533
76.446212,100,753.654486
83.542314,100,754.135852
79.740156,100,754.610716
74.338539,100,755.084617
75.697243,100,755.566929
66.934343,100,756.06113
67.990436,100,756.548762
64.086986,100,757.01393
82.409881,100,757.495018
83.583941,100,758.031622
66.510414,100,758.640013
76.551667,100,759.128815
52.732311,100,759.645281
55.167053,100,760.167562
63.667547,100,760.63919
77.889673,100,761.117074
71.119486,100,761.606535
59.796709,100,762.080817
64.817091,100,762.565852
73.851931,100,763.034416
57.355525,100,763.517894
76.402169,100,764.013629
56.987697,100,764.508757
81.839697,100,765.132058
61.119903,100,765.653345
79.76657,100,766.136723
67.251796,100,766.611941
81.65917,100,767.189936
72.48616,100,767.669835
82.91107,100,768.142937
54.776198,100,768.617682
70.051186,100,769.087851
77.745479,100,769.627134
78.752069,100,770.10296
63.411081,100,770.595068
79.784726,100,771.079485
80.937785,100,771.602172
82.669298,100,772.153029
82.417186,100,772.651186
80.000074,100,773.137144
85.229979,100,773.634673
53.773243,100,774.13309
42.756722,100,774.674582
82.23271,100,775.242018
82.273783,100,775.796371
63.980752,100,776.325349
72.480909,100,776.814389
77.56647,100,777.383215
79.551728,100,777.876431
84.461189,100,778.362802
70.001142,100,778.87467
80.520807,100,779.349305
67.035802,100,779.823102
76.211525,100,780.365988
76.66176,100,780.870774
57.228805,100,781.390306
68.804559,100,781.91721
76.32937,100,782.415844
75.831699,100,782.89087
58.405474,100,783.362446
68.662942,100,783.842213
80.13679,100,784.349914
78.928956,100,784.844977
71.725198,100,785.34614
40.448101,100,785.853032
73.434201,100,786.411509
61.94602,100,786.921555
71.713118,100,787.436911
71.834151,100,788.023779
45.62306,100,788.507493
79.723146,100,789.01343
71.047389,100,789.491131
76.231812,100,789.982287
82.707247,100,790.50434
68.262755,100,790.972965
55.224911,100,791.443642
85.477756,100,791.951047
60.533617,100,792.437427
72.257939,100,792.922719
70.937495,100,793.445977
80.253397,100,794.028306
51.72387,100,794.548156
64.593191,100,795.063339
69.314584,100,795.617577
63.808983,100,796.13944
66.462834,100,796.660588
78.593861,100,797.16547
64.021477,100,797.70026
73.80831,100,798.201605
79.789211,100,798.711141
85.335813,100,799.226213
63.649373,100,799.743497
72.122517,100,800.299889
59.66674,100,800.767099
51.805272,100,801.253441
50.813168,100,801.797419
73.405242,100,802.32944
70.810718,100,802.838413
82.62906,100,803.353156
71.979185,100,803.881919
57.984969,100,804.37591
80.559043,100,804.877605
68.414753,100,805.390933
55.983514,100,805.882331
57.205528,100,806.353333
77.520702,100,806.844863
82.923344,100,807.379464
74.770029,100,807.856163
54.942511,100,808.381725
82.781069,100,808.890742
51.671955,100,809.39404
83.857092,100,810.007241
81.651373,100,810.559583
81.195489,100,811.092372
51.658641,100,811.607847
76.085232,100,812.119541
79.180601,100,812.690345
80.899002,100,813.211936
58.50106,100,813.719991
83.370118,100,814.23331
62.762505,100,814.722007
62.671564,100,815.213885
83.151591,100,815.727855
61.118042,100,816.233297
77.440737,100,816.79165
76.089479,100,817.275924
63.344482,100,817.77732
76.757222,100,818.283894
67.725815,100,818.825634
77.562924,100,819.346385
73.406505,100,819.828867
83.025803,100,820.388806
59.932732,100,820.904122
56.237494,100,821.432754
80.562699,100,821.960656
83.934309,100,822.474405
49.142119,100,822.96944
61.42865,100,823.452588
52.205012,100,823.925546
67.071355,100,824.452704
65.334553,100,825.026971
76.022536,100,825.624591
54.5226,100,826.15619
67.519605,100,826.674425
79.638595,100,827.195941
64.542792,100,827.679912
80.619839,100,828.171992
49.641116,100,828.673908
78.505884,100,829.232299
52.627546,100,829.758295
67.292579,100,830.262488
82.533925,100,830.845951
74.233059,100,831.378924
44.010964,100,831.903902
76.622894,100,832.422162
80.156372,100,832.94108
81.303089,100,833.482481
86.013352,100,834.038198
69.773801,100,834.526652
55.473939,100,834.996913
77.426905,100,835.484489
85.17405,100,836.029387
81.174993,100,836.619426
55.140819,100,837.161021
64.471974,100,837.694173
82.929442,100,838.200896
55.338775,100,838.712944
80.003485,100,839.236805
67.547702,100,839.715169
74.862312,100,840.265821
64.67364,100,840.801716
84.35832,100,841.323833
75.967376,100,841.829672
71.219054,100,842.320535
81.672253,100,842.817152
71.423269,100,843.295422
51.670494,100,843.767727
52.800199,100,844.270795
82.922772,100,844.791173
61.690588,100,845.283868
67.124881,100,845.757512
83.054953,100,846.309642
71.175225,100,846.82364
81.866123,100,847.339245
31.971876,100,847.805266
75.683062,100,848.316482
78.099279,100,848.796917
