#{"t_start": 1673880204.1853688, "env_id": "TestEnvironment-v1"}
r,l,t
2.456468,100,2.692607
37.768663,100,48.753854
36.973902,100,49.119031
36.990921,100,49.477513
39.764866,100,49.833599
8.426532,100,50.194901
9.251075,100,50.564172
4.525432,100,50.927089
5.782854,100,51.287489
4.373078,100,51.649024
52.131082,100,52.041456
11.16784,100,52.414082
40.130487,100,52.772473
38.432965,100,53.126708
29.071711,100,53.488355
21.582712,100,53.911592
4.6812,100,54.279777
26.586746,100,54.635624
40.826986,100,55.016511
11.191181,100,55.384841
10.770521,100,55.786092
6.426517,100,56.156101
9.799368,100,56.515409
47.43001,100,56.87078
22.766689,100,57.228903
24.872539,100,57.587624
17.755254,100,57.943821
14.344688,100,58.294976
9.423575,100,58.644046
31.39676,100,59.008725
40.537358,100,59.366445
34.235747,100,59.737615
8.627029,100,60.113288
32.923499,100,60.462163
33.392722,100,60.817749
12.909952,100,61.17683
38.388711,100,61.589096
42.830233,100,61.95735
33.620571,100,62.384022
9.024418,100,62.747451
21.529299,100,63.10444
31.028355,100,63.47936
13.652554,100,63.854472
46.137078,100,64.213059
39.655677,100,64.566844
9.973822,100,64.916824
43.456031,100,65.288449
15.960821,100,65.673318
37.789268,100,66.06316
36.943994,100,66.427685
45.15336,100,66.79067
9.741804,100,67.148643
44.868945,100,67.506162
49.107552,100,67.860644
8.392482,100,68.21893
31.764314,100,68.56907
20.599221,100,68.929439
50.915728,100,69.293118
53.605675,100,69.683642
9.287632,100,70.07321
15.683762,100,70.426705
42.038527,100,70.783511
33.553483,100,71.14081
11.893704,100,71.49328
26.376478,100,71.878288
30.092868,100,72.277864
13.04013,100,72.644768
42.3176,100,73.020527
51.769567,100,73.415831
48.837236,100,73.778511
19.33359,100,74.153339
34.191383,100,74.515919
40.327486,100,74.981438
45.606925,100,75.405396
18.519484,100,75.762971
44.925734,100,76.16263
49.307094,100,76.562298
18.755614,100,76.928405
11.756555,100,77.288749
48.703869,100,77.664317
46.814285,100,78.034148
52.906411,100,78.402677
48.953772,100,78.787213
52.30153,100,79.199281
48.525503,100,79.582984
51.726715,100,79.930214
12.740419,100,80.280911
45.841531,100,80.752778
50.375856,100,81.146992
53.716299,100,81.532857
43.597083,100,81.926595
44.678335,100,82.337006
40.2348,100,82.682473
42.380686,100,83.036783
50.726374,100,83.376913
56.160746,100,83.758428
34.369184,100,84.137134
34.18508,100,84.627756
28.359449,100,84.986455
57.231016,100,85.339308
60.513197,100,85.703966
48.50041,100,86.053498
49.559429,100,86.400887
52.412612,100,86.750114
26.910803,100,87.116944
43.693907,100,87.550368
23.95608,100,87.911391
57.079017,100,88.25139
56.801168,100,88.608102
51.567008,100,88.988651
58.721838,100,89.476208
25.360843,100,89.912464
65.019302,100,90.30147
50.538651,100,90.654644
33.128206,100,91.004272
33.587346,100,91.360685
62.671711,100,91.725988
57.556119,100,92.080534
58.942331,100,92.449566
31.715517,100,92.817451
29.219865,100,93.173178
67.027653,100,93.560919
54.898925,100,93.90712
73.852308,100,94.287804
45.857468,100,94.652902
65.03438,100,95.00567
72.103583,100,95.354708
55.981901,100,95.730057
57.462551,100,96.098839
76.90918,100,96.486217
46.273116,100,96.855843
33.431187,100,97.207292
52.802527,100,97.57216
42.739349,100,97.989073
50.998003,100,98.384061
35.954975,100,98.806924
53.909381,100,99.158863
55.988391,100,99.522421
55.848943,100,99.878732
85.993633,100,100.260413
85.506543,100,100.654565
71.898722,100,101.033762
43.559439,100,101.413241
39.803629,100,101.77425
56.814786,100,102.132103
48.56731,100,102.488646
50.363702,100,102.849987
91.613876,100,103.279252
72.092621,100,103.647881
48.289952,100,103.997077
85.475187,100,104.376484
71.813773,100,104.760571
58.044379,100,105.160429
64.280085,100,105.514957
68.874109,100,105.860355
50.147421,100,106.241114
50.716813,100,106.583271
64.831439,100,106.926958
54.161545,100,107.280849
39.182171,100,107.625773
55.34332,100,107.973484
62.034946,100,108.316713
59.919256,100,108.668521
41.780849,100,109.008075
64.664588,100,109.348519
67.150748,100,109.724817
49.054588,100,110.08074
88.622633,100,110.494585
39.808708,100,110.895051
55.605524,100,111.263236
62.832036,100,111.629153
61.322023,100,112.021694
46.656729,100,112.373369
55.836703,100,112.718125
69.654498,100,113.080499
53.582213,100,113.555534
45.863203,100,114.021471
68.116761,100,114.488678
48.542242,100,114.870079
67.679469,100,115.215196
59.874953,100,115.574529
94.016584,100,115.99322
57.239472,100,116.347236
73.43127,100,116.703947
94.07148,100,117.073224
94.450525,100,117.475963
55.914928,100,117.819438
92.412723,100,118.211648
48.105177,100,118.59226
52.210219,100,118.958443
71.540993,100,119.315393
49.218181,100,119.709082
59.691318,100,120.107145
72.160982,100,120.516181
59.358329,100,120.882835
43.067982,100,121.248906
56.183349,100,121.661278
59.553523,100,122.045048
58.813368,100,122.38287
53.939588,100,122.725892
71.744647,100,123.090054
67.424505,100,123.436214
57.880422,100,123.824531
63.642431,100,124.188912
47.54086,100,124.536501
74.919696,100,124.883973
55.070196,100,125.224338
53.91181,100,125.591776
67.487311,100,125.940014
74.179769,100,126.287563
63.850754,100,126.680511
46.55668,100,127.08765
75.430777,100,127.448955
52.228193,100,127.78697
50.494761,100,128.160209
71.283732,100,128.548319
70.13306,100,128.929417
57.173583,100,129.374584
62.045545,100,129.731141
59.295678,100,130.076597
75.337653,100,130.440476
65.579144,100,130.812863
52.013367,100,131.244539
96.113916,100,131.642428
61.735393,100,131.999136
82.615489,100,132.395272
94.277096,100,132.897983
74.846538,100,133.270538
68.82944,100,133.654007
79.167171,100,134.001948
74.190892,100,134.428194
90.522528,100,134.966415
77.080611,100,135.41902
75.619302,100,135.914372
82.308115,100,136.303752
96.278518,100,136.814387
64.663892,100,137.234351
49.447129,100,137.585716
61.686403,100,137.973501
78.425937,100,138.396974
77.098512,100,138.78324
77.393739,100,139.196764
76.560983,100,139.570083
89.092463,100,139.982874
60.791177,100,140.330583
63.706851,100,140.678388
75.801366,100,141.026191
74.078666,100,141.409453
69.898083,100,141.765416
91.911091,100,142.148628
91.795524,100,142.529025
53.490651,100,142.880008
79.694162,100,143.278628
48.211014,100,143.648033
75.696086,100,144.020912
78.244906,100,144.432195
49.720155,100,144.794586
79.073983,100,145.148916
58.22567,100,145.515494
76.669808,100,145.859065
75.934472,100,146.207814
52.297956,100,146.557936
76.321366,100,146.902552
76.805604,100,147.251487
77.177995,100,147.600266
55.934989,100,147.946537
75.795465,100,148.397664
70.294288,100,148.762742
76.119939,100,149.115026
67.440278,100,149.460226
50.712607,100,149.83142
90.774859,100,150.221841
78.335039,100,150.572022
96.397682,100,150.961044
96.099683,100,151.395037
79.015521,100,151.754328
63.125932,100,152.108927
66.794212,100,152.471651
78.086974,100,152.822992
44.898187,100,153.161725
78.898367,100,153.503334
50.628265,100,153.861391
60.198498,100,154.292514
66.305771,100,154.67263
60.595838,100,155.037339
83.359725,100,155.47052
79.85309,100,155.871541
65.766952,100,156.267964
97.461831,100,156.662915
78.111192,100,157.014325
69.772413,100,157.374038
65.300479,100,157.725798
93.957242,100,158.123648
68.325137,100,158.548001
73.332863,100,158.93766
78.04643,100,159.30694
47.300828,100,159.674192
62.651286,100,160.023258
57.437856,100,160.382202
65.048614,100,160.734074
78.188226,100,161.0906
75.380274,100,161.470912
65.821982,100,161.832446
78.085769,100,162.175764
80.537042,100,162.520148
80.417388,100,162.866387
53.029146,100,163.226382
76.170992,100,163.591223
80.167797,100,163.942688
79.262579,100,164.294462
64.336004,100,164.66138
81.069539,100,165.046458
50.328601,100,165.397817
65.620501,100,165.776851
97.801037,100,166.179296
79.298932,100,166.540088
79.070055,100,166.891976
89.189673,100,167.304485
80.16694,100,167.659348
58.89421,100,168.020191
69.453426,100,168.386208
78.84954,100,168.761096
92.55345,100,169.1775
74.682793,100,169.534372
77.802272,100,169.891852
60.215801,100,170.287488
80.335279,100,170.69791
82.823363,100,171.098876
86.525519,100,171.484002
81.689008,100,171.845119
79.570497,100,172.222604
54.684195,100,172.574758
93.842275,100,172.988135
86.89201,100,173.380847
59.682003,100,173.737164
80.494993,100,174.098332
81.690786,100,174.445363
81.665582,100,174.796659
60.080911,100,175.163198
77.277183,100,175.509696
78.40033,100,175.86797
69.019769,100,176.230262
79.665594,100,176.592919
80.349793,100,176.989612
75.0645,100,177.342426
86.946609,100,177.72822
68.264559,100,178.096403
66.860683,100,178.443424
70.539463,100,178.792755
63.26803,100,179.138109
60.232002,100,179.481615
90.499303,100,179.86885
77.475842,100,180.212674
59.459729,100,180.562151
96.377517,100,180.951469
79.71939,100,181.303061
79.798243,100,181.664295
75.260165,100,182.032555
58.355711,100,182.385014
75.676006,100,182.734254
76.164421,100,183.081703
98.48515,100,183.488865
80.965081,100,183.84124
66.345629,100,184.214187
87.399156,100,184.591396
54.682513,100,184.953254
75.699666,100,185.391639
78.286176,100,185.792516
56.212301,100,186.229247
54.056246,100,186.616849
53.468938,100,187.109137
69.404678,100,187.532365
75.692207,100,187.88466
72.139024,100,188.231691
75.37607,100,188.575479
90.546477,100,188.972366
54.228381,100,189.329168
79.048551,100,189.695594
89.764613,100,190.094099
70.902964,100,190.454058
66.052745,100,190.821086
75.853133,100,191.187256
87.578779,100,191.588451
75.091221,100,191.998452
64.778991,100,192.441175
97.419519,100,192.9851
73.402988,100,193.355005
82.687829,100,193.726142
78.999586,100,194.084804
80.967934,100,194.490673
80.349889,100,194.91941
78.480371,100,195.279727
56.657167,100,195.667424
79.092819,100,196.031799
56.213673,100,196.396563
95.566656,100,196.777627
80.203872,100,197.142975
80.954388,100,197.507883
89.174204,100,197.912027
76.927362,100,198.298112
54.086419,100,198.653027
69.526489,100,199.002967
70.049473,100,199.362214
60.336484,100,199.712305
77.047598,100,200.062616
90.60103,100,200.475889
94.316006,100,200.872359
59.160666,100,201.236717
62.247506,100,201.599619
66.586333,100,201.953107
71.680833,100,202.346539
69.116755,100,202.722751
79.240231,100,203.066109
93.063876,100,203.44841
66.242831,100,203.799376
64.253375,100,204.149807
54.395158,100,204.500928
96.797806,100,204.899829
80.238396,100,205.255302
88.840496,100,205.638811
62.499866,100,205.988747
64.927885,100,206.33374
93.990232,100,206.749014
66.240885,100,207.149336
81.474196,100,207.529184
78.568985,100,207.872405
80.514564,100,208.224221
81.942618,100,208.575812
62.93831,100,208.917815
54.766401,100,209.267917
80.849984,100,209.659138
81.65157,100,210.025414
65.189511,100,210.379223
58.468314,100,210.735698
87.682663,100,211.109987
74.127035,100,211.454355
93.696146,100,211.82992
69.486345,100,212.172173
63.526914,100,212.539706
78.918731,100,212.96023
79.793063,100,213.316093
97.087908,100,213.720275
75.194709,100,214.201399
78.433784,100,214.667086
82.977305,100,215.012743
51.185589,100,215.352143
60.596796,100,215.694027
96.859677,100,216.075354
51.541943,100,216.420829
80.010886,100,216.796423
95.386349,100,217.213043
82.075665,100,217.58531
79.989871,100,217.954384
79.947454,100,218.293068
51.030224,100,218.634073
95.552924,100,219.084222
43.410077,100,219.500993
65.907136,100,219.970396
91.558995,100,220.401681
70.853728,100,220.751316
79.091198,100,221.172508
95.104755,100,221.558901
60.293982,100,221.923394
76.273945,100,222.283288
77.995511,100,222.639764
97.280432,100,223.040899
80.285694,100,223.394417
97.605254,100,223.775666
59.540822,100,224.129677
81.700669,100,224.491185
67.467497,100,224.850415
78.506964,100,225.205032
68.00539,100,225.553477
62.625359,100,225.911351
68.435036,100,226.255936
66.450104,100,226.603019
72.289876,100,226.952511
95.531969,100,227.38204
79.997076,100,227.7392
61.653322,100,228.089025
56.251106,100,228.433092
80.480194,100,228.788854
78.752836,100,229.164845
71.920378,100,229.516979
82.095617,100,229.874079
77.874596,100,230.244616
76.055727,100,230.602567
75.202012,100,230.956928
77.507265,100,231.327342
63.636053,100,231.706786
62.493149,100,232.145902
78.840548,100,232.595304
61.568085,100,232.973513
79.25804,100,233.327478
84.273596,100,233.713354
67.622469,100,234.066355
53.15521,100,234.414056
66.854162,100,234.760108
81.95922,100,235.116178
97.240345,100,235.508062
56.599147,100,235.879569
68.236351,100,236.245858
81.316609,100,236.604594
62.135479,100,236.955182
55.594055,100,237.294863
51.646633,100,237.720535
94.245414,100,238.217463
73.088124,100,238.603962
79.414173,100,238.984272
78.663383,100,239.35144
42.60617,100,239.71588
73.155636,100,240.085069
95.735517,100,240.475887
83.506329,100,240.899828
50.890884,100,241.389179
64.199754,100,241.833656
82.357279,100,242.191282
81.384001,100,242.539623
50.856388,100,242.890867
87.901545,100,243.265505
91.985418,100,243.653022
82.68867,100,244.012072
69.610004,100,244.409822
82.697037,100,244.775576
91.986333,100,245.166067
82.096,100,245.53278
81.040074,100,245.89639
70.400192,100,246.374046
83.851265,100,246.908433
82.201894,100,247.3082
83.921162,100,247.658547
81.684604,100,248.041085
50.906768,100,248.392212
90.269457,100,248.759771
29.160182,100,249.11166
24.736125,100,249.464956
79.384577,100,249.807376
82.319191,100,250.156414
80.457529,100,250.504498
83.019496,100,250.853169
10.628621,100,251.208118
30.3135,100,251.55674
13.514249,100,251.907987
81.310989,100,252.274938
87.477334,100,252.809329
92.027752,100,253.194325
72.06097,100,253.560899
22.810036,100,253.915147
31.010936,100,254.280828
95.068316,100,254.706686
82.739123,100,255.099532
33.053933,100,255.445742
27.358598,100,255.832604
38.759868,100,256.197453
50.623261,100,256.557822
58.66263,100,256.966452
54.650645,100,257.365789
86.607929,100,257.75441
61.749521,100,258.124902
73.645693,100,258.544939
82.155095,100,258.961525
80.924195,100,259.356302
42.417707,100,259.778031
91.127968,100,260.236416
65.439617,100,260.58786
82.330274,100,260.929863
65.271845,100,261.267151
78.894933,100,261.611207
80.342636,100,261.972715
72.34647,100,262.322265
96.369939,100,262.704683
52.727742,100,263.05167
98.121346,100,263.430881
84.444153,100,263.769382
86.400281,100,264.137985
80.189113,100,264.48402
80.78806,100,264.875603
81.540688,100,265.229605
67.399665,100,265.573102
61.668069,100,265.9162
83.973015,100,266.264232
82.127397,100,266.620477
76.083268,100,267.022939
81.508147,100,267.413654
54.534222,100,267.771033
61.983412,100,268.150562
79.948699,100,268.675735
76.839101,100,269.096352
80.120769,100,269.474008
87.877348,100,269.858574
65.415503,100,270.220669
58.894749,100,270.569868
81.353501,100,270.913742
79.390049,100,271.266245
51.760004,100,271.624106
90.036075,100,272.050528
57.033961,100,272.392295
98.006515,100,272.776089
93.516573,100,273.159196
95.133257,100,273.549811
82.204087,100,273.907048
57.736975,100,274.258729
92.235496,100,274.648343
83.23275,100,275.02548
83.181798,100,275.451641
65.255846,100,275.866783
78.708258,100,276.273059
83.460476,100,276.657914
75.504826,100,277.134151
81.307654,100,277.567028
82.886481,100,277.955188
81.539556,100,278.347852
82.920385,100,278.721339
68.879452,100,279.087629
79.175492,100,279.452172
90.821519,100,279.851461
80.278218,100,280.263809
59.948592,100,280.680537
72.72227,100,281.03111
97.353164,100,281.457779
93.287777,100,281.837956
82.732722,100,282.191067
81.878195,100,282.56167
61.083718,100,282.905728
91.424452,100,283.308882
78.644798,100,283.683706
60.99754,100,284.025384
83.503087,100,284.376002
63.059427,100,284.725359
80.013302,100,285.088343
63.181074,100,285.438385
81.547384,100,285.785837
75.663942,100,286.135967
59.355516,100,286.531186
88.971021,100,286.911773
98.071771,100,287.314502
78.323338,100,287.673906
86.971539,100,288.051774
81.683193,100,288.413892
88.691266,100,288.791899
93.950272,100,289.219425
78.142598,100,289.589883
87.915572,100,289.998629
79.623001,100,290.343435
82.576773,100,290.691638
66.333705,100,291.048717
61.927103,100,291.395322
94.479453,100,291.817329
80.343928,100,292.248966
84.385956,100,292.611978
83.517784,100,292.965919
83.474888,100,293.324026
95.881339,100,293.809244
82.688526,100,294.212925
84.281513,100,294.558923
83.644713,100,294.914705
71.041201,100,295.262836
79.223564,100,295.606036
81.059209,100,295.962408
81.758099,100,296.361304
84.032758,100,296.754064
91.726601,100,297.137361
82.399518,100,297.585871
96.519957,100,298.093115
96.982042,100,298.664148
98.131182,100,299.093583
97.093041,100,299.472756
84.445813,100,299.812981
81.998507,100,300.172751
98.399031,100,300.582783
80.983024,100,300.938848
80.863831,100,301.289175
98.615098,100,301.678514
82.542952,100,302.079729
82.92652,100,302.430931
74.568933,100,302.795347
97.824258,100,303.262383
71.004756,100,303.653694
83.860865,100,304.009915
81.97288,100,304.355845
82.744761,100,304.715312
73.590828,100,305.068374
84.293544,100,305.411431
83.141779,100,305.773447
95.321071,100,306.146098
77.769512,100,306.496587
74.692208,100,306.880534
97.84895,100,307.277999
62.892825,100,307.637691
64.903027,100,307.990935
83.050061,100,308.357939
72.906955,100,308.720913
89.911652,100,309.135691
92.186298,100,309.65707
80.493523,100,310.128384
80.447987,100,310.509947
82.819257,100,310.888904
73.578154,100,311.258041
67.018762,100,311.618207
74.712437,100,311.966819
82.104744,100,312.331472
84.292664,100,312.704831
71.621864,100,313.080174
71.360954,100,313.494787
94.764393,100,313.900777
82.369978,100,314.257761
72.191271,100,314.626348
70.511749,100,315.005795
83.404527,100,315.373451
82.440001,100,315.764929
80.150063,100,316.123265
81.531486,100,316.471699
80.995106,100,316.849388
98.917915,100,317.230479
76.608536,100,317.609447
79.904219,100,317.963719
85.274944,100,318.322238
93.386364,100,318.712392
78.418724,100,319.069595
83.749662,100,319.526567
81.414063,100,319.919933
80.560204,100,320.296986
85.366819,100,320.670638
84.731211,100,321.049207
83.62328,100,321.410444
82.499596,100,321.768886
80.143641,100,322.110209
70.152752,100,322.488619
80.079917,100,322.832998
83.302812,100,323.179122
83.862799,100,323.534847
85.930399,100,323.888811
84.286217,100,324.233929
96.203285,100,324.609872
76.117362,100,324.958817
83.8167,100,325.308486
80.231023,100,325.687382
97.444082,100,326.088508
80.426794,100,326.43072
77.140933,100,326.770756
96.667553,100,327.159393
81.705442,100,327.536716
92.360833,100,327.922598
84.715147,100,328.301471
83.518753,100,328.677619
75.998978,100,329.034223
76.600974,100,329.378834
97.457502,100,329.756461
92.487026,100,330.198828
77.438764,100,330.639553
77.39773,100,331.006932
90.353666,100,331.401038
97.19764,100,331.800698
91.805932,100,332.18762
74.348635,100,332.56803
70.920259,100,332.909936
85.20043,100,333.257231
76.81941,100,333.596067
76.414338,100,333.951391
84.513504,100,334.305906
83.440301,100,334.667738
80.359304,100,335.048574
80.199129,100,335.412402
75.974957,100,335.776392
84.184363,100,336.12461
97.782298,100,336.512194
73.395319,100,336.857026
84.50533,100,337.29144
76.140243,100,337.642186
76.368535,100,337.994627
76.394615,100,338.350919
87.464139,100,338.716031
96.254226,100,339.096244
74.391898,100,339.450672
96.640555,100,339.845946
83.323996,100,340.204396
75.503981,100,340.581396
98.461702,100,340.985554
82.145106,100,341.339745
97.471221,100,341.709205
85.141589,100,342.059496
78.050349,100,342.4073
96.83754,100,342.785592
83.649708,100,343.134402
78.623645,100,343.475883
77.806171,100,343.841921
83.242736,100,344.282207
72.449196,100,344.686341
92.538227,100,345.069661
81.618487,100,345.456659
93.970235,100,345.817008
88.167409,100,346.175368
85.21014,100,346.526731
90.148679,100,346.885062
81.222243,100,347.235662
83.103315,100,347.660143
92.103635,100,348.095422
79.932013,100,348.447529
96.236029,100,348.833227
97.690178,100,349.260162
81.393081,100,349.632234
78.399226,100,349.982091
77.095281,100,350.323504
82.60108,100,350.688098
95.606463,100,351.078425
80.858108,100,351.430348
82.567427,100,351.783616
95.648798,100,352.170717
85.680583,100,352.612501
97.115736,100,352.984513
78.395664,100,353.338875
82.768841,100,353.692471
82.972296,100,354.055394
80.124225,100,354.437503
79.111968,100,354.93246
84.688638,100,355.283647
79.031804,100,355.679135
78.530829,100,356.036141
87.583467,100,356.388581
96.917682,100,356.866498
83.668329,100,357.272754
90.452595,100,357.64423
83.44258,100,357.992337
94.209371,100,358.347672
94.529629,100,358.701393
96.902747,100,359.072324
77.695382,100,359.41692
94.24382,100,359.810569
97.07959,100,360.203449
78.922076,100,360.570957
77.211197,100,360.946228
95.53713,100,361.31628
76.072244,100,361.668744
81.460002,100,362.037533
77.76036,100,362.385441
84.55806,100,362.735191
75.572919,100,363.078548
87.952843,100,363.435466
83.052852,100,363.836131
83.31996,100,364.181756
83.764389,100,364.538607
92.742448,100,364.930568
78.330313,100,365.302925
78.903631,100,365.641466
83.452724,100,365.995577
84.135073,100,366.346353
80.86673,100,366.701559
89.32159,100,367.082755
83.137694,100,367.467517
79.460915,100,367.862266
83.855861,100,368.219212
85.753685,100,368.572654
79.345736,100,368.917793
78.733846,100,369.264733
91.568981,100,369.677346
77.489637,100,370.024957
79.595694,100,370.372879
93.691884,100,370.732854
80.088212,100,371.084293
83.666518,100,371.434438
79.064293,100,371.784019
76.289133,100,372.125524
84.354109,100,372.480503
96.269296,100,372.864714
93.137509,100,373.235986
83.390015,100,373.593625
78.927692,100,374.016737
92.78257,100,374.500067
77.25964,100,374.961217
84.091885,100,375.316321
84.096087,100,375.671103
93.214939,100,376.065295
83.47346,100,376.439973
83.241265,100,376.805435
96.229035,100,377.17852
80.006468,100,377.536716
83.669724,100,377.901591
93.693778,100,378.342264
80.103986,100,378.687054
79.258786,100,379.046709
82.472758,100,379.39871
97.556567,100,379.778997
93.779369,100,380.130055
96.600254,100,380.494455
93.099815,100,380.870389
91.317562,100,381.223759
79.766675,100,381.616079
93.420284,100,382.110581
83.673152,100,382.576717
83.716247,100,382.938215
93.397422,100,383.33109
94.093316,100,383.72641
92.161833,100,384.106545
80.958335,100,384.465356
95.044889,100,384.831205
80.207847,100,385.17946
79.767664,100,385.530877
81.129295,100,385.882648
78.046537,100,386.235433
77.773641,100,386.592244
79.174688,100,386.956105
95.85734,100,387.464853
83.586934,100,387.881385
93.229467,100,388.351265
82.142795,100,388.701026
82.957521,100,389.07288
92.161286,100,389.449856
94.937481,100,389.82298
96.446233,100,390.179459
83.388736,100,390.532403
83.643819,100,390.883159
88.266925,100,391.245842
94.504977,100,391.644974
78.867291,100,392.030771
96.076195,100,392.534038
79.075321,100,392.998036
95.589,100,393.460099
93.73558,100,393.811989
95.975654,100,394.191528
95.639174,100,394.634397
95.617726,100,395.033875
95.651233,100,395.422567
97.044093,100,395.799538
84.984031,100,396.229738
82.867452,100,396.590438
95.564814,100,396.981754
97.024186,100,397.352631
78.364352,100,397.721539
95.613315,100,398.101249
80.520428,100,398.45339
83.337577,100,398.816302
79.343431,100,399.164381
83.408498,100,399.517145
85.294356,100,399.870752
94.13504,100,400.228408
97.975238,100,400.591522
94.945677,100,401.010368
79.445228,100,401.367298
85.306234,100,401.831185
97.066361,100,402.300775
91.827166,100,402.705641
79.92393,100,403.053831
80.38341,100,403.396728
83.219492,100,403.843959
83.495819,100,404.197469
85.121282,100,404.566305
90.797359,100,404.966522
82.989798,100,405.354991
80.970004,100,405.70602
81.721578,100,406.062354
96.718934,100,406.449047
95.303216,100,406.862168
95.91755,100,407.228382
83.5085,100,407.589225
80.884859,100,407.947859
93.666213,100,408.363982
96.038245,100,408.755462
84.553872,100,409.124435
83.015188,100,409.500137
83.551034,100,409.857374
96.215255,100,410.226982
91.776746,100,410.586464
81.76079,100,410.969936
82.654922,100,411.443055
83.958493,100,411.811739
79.967609,100,412.172873
78.790095,100,412.653636
85.661867,100,413.08234
77.49107,100,413.461104
95.942086,100,413.843458
81.987664,100,414.234045
82.580679,100,414.599554
79.722314,100,414.947887
93.03739,100,415.354805
95.430845,100,415.761115
90.385128,100,416.112002
79.43142,100,416.458286
78.634828,100,416.803341
83.672722,100,417.197588
82.736814,100,417.629101
78.242793,100,417.983227
83.751777,100,418.338312
81.338142,100,418.688533
83.65197,100,419.041899
81.95371,100,419.388132
80.091538,100,419.755329
82.800149,100,420.143958
82.838695,100,420.523666
96.409767,100,420.909349
81.044552,100,421.303825
81.481297,100,421.76022
96.359401,100,422.116239
79.259331,100,422.460705
96.38963,100,422.823023
77.30725,100,423.181315
79.012613,100,423.545812
91.250472,100,423.926431
80.712245,100,424.290646
90.236653,100,424.702847
79.729889,100,425.11738
95.685742,100,425.485389
90.517147,100,425.864667
94.663377,100,426.239799
95.128415,100,426.613803
95.330457,100,426.969288
81.168785,100,427.350447
88.777068,100,427.707072
80.362798,100,428.110689
76.897756,100,428.465589
81.604596,100,428.81538
80.315462,100,429.159291
80.744966,100,429.504662
89.101993,100,429.968847
84.12429,100,430.320787
79.588171,100,430.683086
95.957105,100,431.11325
78.414241,100,431.453452
79.526032,100,431.850862
76.979916,100,432.280423
80.242263,100,432.796844
83.735337,100,433.298162
95.829419,100,433.721106
81.6062,100,434.18834
79.860788,100,434.573344
84.531653,100,434.920531
96.711361,100,435.280803
80.621214,100,435.662603
91.787681,100,436.070464
80.567677,100,436.422311
90.868689,100,436.842553
97.110484,100,437.201271
82.61653,100,437.571284
95.684947,100,437.930508
96.727329,100,438.300572
79.550303,100,438.661306
79.325522,100,439.141729
91.309435,100,439.499524
81.229271,100,439.882855
94.662092,100,440.294816
94.663692,100,440.655753
93.825076,100,441.01228
96.356216,100,441.38024
83.147479,100,441.748662
81.318906,100,442.106493
82.308393,100,442.498711
78.974207,100,442.862966
82.602731,100,443.244842
96.643488,100,443.635813
77.913335,100,443.998034
93.875632,100,444.358431
81.231034,100,444.70617
79.111349,100,445.06178
73.352495,100,445.429628
75.522278,100,445.876829
79.540527,100,446.220827
87.996967,100,446.59281
91.077095,100,446.963758
86.015231,100,447.327955
80.759534,100,447.689182
97.161701,100,448.144011
85.738044,100,448.550648
79.606575,100,448.89927
90.629089,100,449.273584
81.221141,100,449.633918
79.047298,100,450.007258
79.202964,100,450.377436
97.600903,100,450.800194
80.510175,100,451.200107
81.20363,100,451.540287
81.534944,100,451.884011
92.992986,100,452.270174
89.730745,100,452.618436
80.492445,100,452.999596
96.424054,100,453.410317
89.537564,100,453.76485
92.443032,100,454.115659
76.231178,100,454.466832
95.581129,100,454.87365
81.540167,100,455.225996
81.23408,100,455.576034
80.526351,100,455.921322
79.267077,100,456.271163
87.439823,100,456.639042
80.709985,100,456.991434
79.774922,100,457.336885
82.464555,100,457.690559
90.571436,100,458.142962
84.517787,100,458.668012
96.684698,100,459.016184
81.780385,100,459.356172
78.746698,100,459.702478
94.662492,100,460.092075
81.253607,100,460.451269
82.398974,100,460.810616
82.158278,100,461.175286
94.467813,100,461.535656
82.159784,100,461.893519
95.418324,100,462.280245
80.220551,100,462.809021
83.996533,100,463.248754
81.770212,100,463.678554
88.522864,100,464.096534
93.88334,100,464.487405
79.938001,100,464.85641
76.137464,100,465.232375
85.269556,100,465.612141
79.444534,100,465.953561
81.711158,100,466.298369
80.102808,100,466.646668
96.320836,100,467.012696
95.892783,100,467.418516
83.772346,100,467.793112
94.896495,100,468.229032
82.09542,100,468.677676
81.255085,100,469.108868
93.248128,100,469.503968
84.983554,100,469.888249
90.901584,100,470.259979
94.864593,100,470.623745
81.167885,100,470.985664
79.207739,100,471.335648
78.06244,100,471.684864
81.266941,100,472.054119
81.304698,100,472.446102
87.693264,100,472.808619
95.136522,100,473.169173
88.304829,100,473.527013
80.189434,100,473.919736
81.847461,100,474.268405
80.412373,100,474.692267
97.556775,100,475.081545
96.021926,100,475.449588
90.872249,100,475.797436
96.906571,100,476.167329
84.246556,100,476.523512
85.98666,100,476.902171
79.378966,100,477.261084
79.714562,100,477.67489
96.019797,100,478.04847
95.613081,100,478.409644
95.743777,100,478.772745
86.474963,100,479.132631
82.632899,100,479.492696
93.505698,100,479.859619
88.711403,100,480.242043
95.171283,100,480.612729
97.203525,100,480.979889
80.185468,100,481.399923
80.102752,100,481.752102
82.214049,100,482.113529
81.416214,100,482.536509
80.076859,100,482.915654
80.537386,100,483.302244
82.510743,100,483.656156
80.134658,100,484.019733
88.133453,100,484.429537
94.494123,100,484.792754
95.404087,100,485.169389
96.26703,100,485.543067
80.926718,100,485.89549
83.598038,100,486.265365
80.025045,100,486.647712
96.807309,100,487.052268
91.060107,100,487.436927
82.392258,100,487.798912
90.961549,100,488.168245
81.932821,100,488.515263
81.654915,100,488.872085
86.089873,100,489.239658
92.809009,100,489.596257
80.921919,100,489.939101
82.448088,100,490.391052
96.102165,100,490.75064
88.038039,100,491.128239
88.276775,100,491.493054
81.152717,100,491.882779
80.651458,100,492.231909
87.406611,100,492.615261
96.78667,100,492.980949
95.156383,100,493.350185
79.227624,100,493.709931
96.580236,100,494.080746
80.560381,100,494.42839
81.147639,100,494.796214
82.554364,100,495.168656
77.819902,100,495.564417
77.08756,100,495.916988
94.838013,100,496.26924
97.145359,100,496.632951
94.725189,100,497.011879
80.548749,100,497.375647
79.43491,100,497.743261
80.495227,100,498.110984
81.872405,100,498.476227
79.162333,100,498.825718
79.434178,100,499.189153
81.062216,100,499.546912
80.222064,100,499.891087
94.50928,100,500.286389
82.408903,100,500.655191
90.712881,100,501.100811
80.046069,100,501.457099
82.112456,100,501.816145
93.112827,100,502.2052
81.712949,100,502.555967
81.671201,100,502.950793
81.628533,100,503.296589
77.282667,100,503.644298
79.500362,100,503.996538
80.806506,100,504.379321
96.272991,100,504.739229
81.664843,100,505.111993
93.522593,100,505.469524
80.315916,100,505.825125
94.376563,100,506.215564
91.372622,100,506.579109
81.638236,100,506.93583
81.101297,100,507.296787
96.6317,100,507.653428
79.943893,100,508.012159
96.882916,100,508.376655
95.25987,100,508.775325
93.913658,100,509.142294
78.808592,100,509.491095
94.450715,100,509.913829
81.278562,100,510.402194
79.767205,100,510.779687
83.295594,100,511.154449
97.318466,100,511.620352
89.884219,100,512.01025
80.759685,100,512.354074
92.923085,100,512.748514
94.012656,100,513.12619
79.832843,100,513.464909
91.95182,100,513.812051
81.500802,100,514.157879
94.771394,100,514.524758
80.173382,100,514.872563
80.699502,100,515.347755
81.410426,100,515.776735
87.7538,100,516.156085
93.355157,100,516.52245
93.096067,100,516.887296
96.904055,100,517.238636
88.897905,100,517.607499
94.801437,100,518.008668
92.393016,100,518.363082
81.799901,100,518.710497
96.099676,100,519.066446
80.528865,100,519.403205
87.826372,100,519.742936
92.411439,100,520.08585
93.675875,100,520.444183
94.133281,100,520.787543
88.419995,100,521.141391
97.344173,100,521.524045
80.293049,100,521.86228
80.909165,100,522.201841
95.363548,100,522.573525
97.231452,100,522.925978
81.240456,100,523.292563
80.478584,100,523.655726
82.032734,100,524.024119
96.385559,100,524.435792
95.348647,100,524.829612
80.367176,100,525.214365
96.27625,100,525.563658
95.303391,100,526.065306
81.072946,100,526.486318
96.254774,100,526.852903
82.969392,100,527.234466
81.010221,100,527.653055
97.264444,100,527.998614
88.470165,100,528.353873
79.893968,100,528.698715
95.792626,100,529.103547
88.562288,100,529.480222
90.831428,100,529.845373
94.459035,100,530.216099
95.510696,100,530.616512
82.86851,100,531.043965
80.26058,100,531.420216
80.149232,100,531.825815
95.90845,100,532.21943
80.911663,100,532.578798
96.874987,100,532.936842
80.868437,100,533.296725
94.863236,100,533.731262
96.816672,100,534.206131
82.236974,100,534.556788
90.372464,100,534.911418
97.370399,100,535.293718
95.775621,100,535.658393
82.400338,100,536.012401
78.767119,100,536.355811
96.289543,100,536.711841
81.077159,100,537.057597
90.29223,100,537.475538
97.240075,100,537.967346
81.880234,100,538.41289
81.469003,100,538.830542
82.572196,100,539.276794
97.780079,100,539.677109
82.607411,100,540.060871
82.728392,100,540.449982
80.231191,100,540.812462
95.49571,100,541.187822
96.374091,100,541.550004
80.916405,100,541.924522
92.746612,100,542.281923
95.731251,100,542.678985
95.911631,100,543.064421
97.319906,100,543.425249
87.572158,100,543.771998
81.914,100,544.123807
80.324864,100,544.476172
97.514171,100,544.95331
92.406192,100,545.385483
94.92535,100,545.733139
93.509558,100,546.085838
95.785683,100,546.448939
96.391625,100,546.825072
80.638342,100,547.223263
97.132359,100,547.635551
81.880776,100,547.981966
96.69498,100,548.347602
96.069035,100,548.730449
85.171071,100,549.120924
96.166683,100,549.510413
96.458918,100,549.908566
96.713845,100,550.293416
81.030838,100,550.659456
81.30673,100,551.036309
81.906819,100,551.385242
95.875867,100,551.77746
81.286018,100,552.179764
97.233445,100,552.565828
95.022715,100,552.961479
80.290274,100,553.330459
80.326601,100,553.702944
94.452671,100,554.087675
96.881413,100,554.474254
92.967515,100,554.840603
95.323824,100,555.200067
80.927737,100,555.558971
91.298687,100,555.914546
96.220517,100,556.292073
98.190889,100,556.692942
96.646106,100,557.059775
80.632072,100,557.421328
81.632058,100,557.77117
81.599481,100,558.128057
96.223409,100,558.47714
96.998935,100,558.821125
96.325603,100,559.178233
84.599263,100,559.537368
80.430335,100,559.890609
80.580396,100,560.253493
96.717367,100,560.637781
91.872572,100,561.009827
80.289735,100,561.375581
96.545874,100,561.778003
86.718224,100,562.224495
95.039182,100,562.591114
80.8883,100,562.940476
97.368139,100,563.334321
97.600679,100,563.748939
96.762609,100,564.138167
95.670779,100,564.483856
94.717831,100,564.846097
81.900412,100,565.208792
79.700249,100,565.548112
95.65588,100,565.897602
95.361421,100,566.252289
81.01418,100,566.614866
94.699877,100,566.974059
96.382538,100,567.339622
97.394417,100,567.741169
97.670567,100,568.136306
96.726256,100,568.498087
96.71226,100,568.854068
81.20516,100,569.21348
95.812699,100,569.566506
96.452227,100,569.950077
80.527737,100,570.475276
78.626928,100,570.885852
82.554779,100,571.246753
94.755422,100,571.595075
81.757851,100,571.942533
80.983082,100,572.292639
95.791935,100,572.648094
82.607716,100,572.996711
80.703559,100,573.3425
80.65769,100,573.720815
81.528045,100,574.08835
98.922906,100,574.474749
97.440886,100,574.880566
79.903629,100,575.230834
94.78629,100,575.639931
96.100138,100,576.032768
82.346006,100,576.385401
98.484465,100,576.775127
96.686636,100,577.158631
82.648568,100,577.527787
81.376629,100,577.88463
86.374342,100,578.235569
93.704945,100,578.608096
76.338437,100,578.955375
97.276118,100,579.346383
80.705781,100,579.695163
81.063252,100,580.056586
80.964019,100,580.406574
96.784798,100,580.767274
82.087935,100,581.119394
88.574274,100,581.468268
81.496659,100,581.83622
90.830126,100,582.207463
97.674711,100,582.607336
98.363154,100,583.014047
80.791815,100,583.363026
97.424896,100,583.746192
95.536754,100,584.098832
80.483607,100,584.44568
81.269942,100,584.79292
81.68438,100,585.142304
94.715051,100,585.508206
80.94082,100,585.904386
80.841153,100,586.285368
88.348381,100,586.645944
82.208965,100,587.016359
96.174635,100,587.434682
82.443201,100,587.789073
80.171373,100,588.187614
81.857682,100,588.524779
94.850274,100,588.894474
96.733253,100,589.288913
88.956645,100,589.636539
96.025636,100,590.023308
96.598069,100,590.408541
96.436786,100,590.777005
98.638838,100,591.165893
82.574457,100,591.570623
98.436711,100,591.989069
81.433852,100,592.358209
98.011362,100,592.774859
90.272962,100,593.161899
97.539175,100,593.558346
82.008341,100,593.903804
81.650821,100,594.28436
80.779665,100,594.668461
96.288219,100,595.020625
95.151365,100,595.377523
81.269607,100,595.740535
94.344366,100,596.111326
82.133333,100,596.520811
95.256097,100,596.962609
94.631974,100,597.308189
94.84567,100,597.664094
95.727392,100,598.022998
97.263167,100,598.412718
98.338247,100,598.798187
95.770197,100,599.270037
93.844153,100,599.651293
94.156549,100,600.027543
88.656345,100,600.403793
94.436463,100,600.794433
82.279342,100,601.157647
93.648995,100,601.522505
95.603921,100,601.905884
94.886321,100,602.252926
93.450239,100,602.600675
94.004681,100,602.941796
82.397437,100,603.311975
74.62006,100,603.66417
82.277699,100,604.015247
81.509086,100,604.359972
81.885876,100,604.722396
79.477895,100,605.065821
92.981794,100,605.414405
82.518392,100,605.775548
97.194298,100,606.149371
94.715766,100,606.513415
92.802851,100,606.867635
80.1951,100,607.213789
96.873512,100,607.60161
93.810164,100,607.964187
96.727349,100,608.355951
95.793281,100,608.710624
95.885727,100,609.089748
95.494998,100,609.471902
82.091001,100,609.824216
90.836559,100,610.171091
97.796184,100,610.536614
80.679225,100,610.873983
96.082044,100,611.245433
96.852049,100,611.618074
82.487244,100,611.991198
94.898013,100,612.387336
96.342691,100,612.786277
97.201757,100,613.19064
82.116165,100,613.591607
93.745113,100,613.931462
95.489454,100,614.272112
94.646466,100,614.656024
96.784891,100,615.039001
95.966271,100,615.409797
94.88739,100,615.802363
91.748933,100,616.182266
94.866866,100,616.531658
94.632366,100,616.900324
91.841908,100,617.250334
94.559288,100,617.62962
80.678975,100,618.017674
96.141911,100,618.36291
97.37136,100,618.800004
97.249655,100,619.28713
81.124077,100,619.735837
97.296616,100,620.128491
82.946114,100,620.546087
94.581293,100,620.910171
80.170281,100,621.286546
82.352547,100,621.636999
95.907021,100,621.988689
95.393527,100,622.337649
82.450359,100,622.687947
81.043665,100,623.054648
96.822277,100,623.414917
96.357836,100,623.79953
81.477834,100,624.212422
93.027879,100,624.728573
97.435085,100,625.137481
92.419751,100,625.484278
92.953673,100,625.849976
93.352334,100,626.221621
94.355407,100,626.585315
94.351939,100,626.934726
92.623453,100,627.284948
91.438367,100,627.637584
93.318454,100,627.983149
92.900843,100,628.339899
95.236407,100,628.720602
94.25318,100,629.068193
83.450296,100,629.413548
96.319317,100,629.811931
95.268312,100,630.312296
92.46191,100,630.677042
93.933988,100,631.052553
96.152924,100,631.434287
81.79033,100,631.779788
95.002596,100,632.132642
82.701617,100,632.486418
95.925352,100,632.848989
96.668395,100,633.259515
80.615055,100,633.644876
97.566783,100,634.031207
94.055444,100,634.380769
97.211066,100,634.765709
96.217023,100,635.271192
94.712182,100,635.679172
80.560135,100,636.025676
79.507529,100,636.363491
81.580663,100,636.713703
91.66127,100,637.05258
97.024522,100,637.424592
95.002623,100,637.776832
95.895233,100,638.137989
95.455809,100,638.486026
97.28167,100,638.878526
91.377546,100,639.247752
82.699456,100,639.613274
93.186954,100,639.964816
82.367323,100,640.347478
82.687901,100,640.74755
91.80412,100,641.098491
95.323774,100,641.448154
92.30518,100,641.796391
82.026321,100,642.147948
96.15889,100,642.542443
96.601224,100,642.942503
93.30026,100,643.293673
88.907764,100,643.634105
82.13953,100,643.988835
81.127554,100,644.333198
94.587796,100,644.704588
92.850568,100,645.054158
91.255893,100,645.405486
94.741569,100,645.761902
93.805232,100,646.156015
93.674129,100,646.543726
97.899688,100,646.968612
94.416792,100,647.345326
97.853677,100,647.735796
82.105832,100,648.081431
92.473289,100,648.446301
96.108041,100,648.818679
81.203604,100,649.179794
96.747719,100,649.540926
81.671131,100,649.881982
97.410791,100,650.258317
94.452326,100,650.731559
95.761392,100,651.08689
93.581461,100,651.439301
97.001558,100,651.861177
88.775159,100,652.209923
93.755521,100,652.581722
92.111763,100,653.013587
91.023054,100,653.381328
95.718412,100,653.725472
92.919457,100,654.113264
97.233699,100,654.632646
97.107081,100,655.020871
81.020971,100,655.407219
95.19861,100,655.762149
91.535058,100,656.107861
92.245106,100,656.456504
80.780913,100,656.815464
98.018659,100,657.200192
97.342382,100,657.583277
93.948029,100,657.925857
98.702688,100,658.314137
88.310725,100,658.658565
95.382581,100,659.000496
95.451612,100,659.359544
95.420932,100,659.808073
90.014751,100,660.167806
89.011337,100,660.513801
96.476744,100,660.866329
81.593608,100,661.220598
98.19305,100,661.608697
80.329439,100,661.956756
92.12414,100,662.300107
80.974432,100,662.6558
94.03409,100,663.004061
97.322163,100,663.375066
95.084959,100,663.741154
81.833438,100,664.116145
97.128183,100,664.497656
92.737512,100,664.853559
97.213678,100,665.213281
90.479898,100,665.55578
97.612866,100,665.957753
94.833737,100,666.313125
95.025124,100,666.662162
96.381918,100,667.11313
98.444172,100,667.584772
96.846097,100,668.080073
96.036904,100,668.585037
97.951031,100,669.067405
94.803195,100,669.465366
93.660708,100,669.871124
82.194145,100,670.222774
95.040287,100,670.578449
95.305937,100,670.922126
97.195823,100,671.267577
81.155794,100,671.606863
82.282281,100,671.94203
94.296905,100,672.281576
97.768161,100,672.655642
96.888359,100,673.130255
97.754783,100,673.537255
82.861216,100,673.877695
95.970518,100,674.241241
94.121417,100,674.592366
96.556477,100,674.935488
82.135593,100,675.282722
96.223719,100,675.631352
97.541858,100,675.998616
98.302346,100,676.407797
93.909893,100,676.760367
89.067591,100,677.127764
89.177546,100,677.475179
82.736832,100,677.821043
93.163076,100,678.169564
82.054761,100,678.535024
97.236058,100,678.946716
91.60018,100,679.316596
81.084161,100,679.718714
97.021395,100,680.076673
89.882628,100,680.421892
81.421223,100,680.772769
95.724493,100,681.263757
97.291901,100,681.645898
95.342445,100,681.99178
80.474919,100,682.354959
93.999355,100,682.702601
90.905554,100,683.065845
96.477796,100,683.53623
98.613061,100,683.916506
97.336301,100,684.298756
96.405514,100,684.748549
97.034762,100,685.112445
82.047048,100,685.474354
96.058859,100,685.834406
92.4258,100,686.171826
95.037691,100,686.558074
97.22063,100,686.986679
82.414019,100,687.375039
95.729217,100,687.730416
94.204739,100,688.08946
81.294662,100,688.459401
81.988799,100,688.807655
96.013189,100,689.179236
98.053806,100,689.546582
95.256357,100,689.893978
95.249988,100,690.275335
98.764318,100,690.685454
92.404189,100,691.042553
96.166454,100,691.389157
97.373708,100,691.746731
82.060497,100,692.089372
95.381439,100,692.432216
96.142936,100,692.839304
98.515517,100,693.266831
96.742843,100,693.635289
94.94425,100,694.015255
84.456303,100,694.360806
95.576833,100,694.714915
93.186554,100,695.059414
98.238576,100,695.498084
97.486674,100,695.8774
95.336666,100,696.253916
83.033497,100,696.632165
95.210592,100,696.995287
97.245421,100,697.352952
93.428726,100,697.825921
90.911747,100,698.229162
81.336849,100,698.612204
81.815514,100,698.976772
97.449928,100,699.341656
96.180378,100,699.755082
97.502379,100,700.176022
96.215338,100,700.557838
93.283137,100,700.928953
84.795934,100,701.311022
98.311147,100,701.707659
91.194894,100,702.068705
95.234046,100,702.467345
86.738841,100,702.851941
95.915151,100,703.243782
94.54543,100,703.634916
95.693637,100,703.984855
97.992236,100,704.353574
93.183848,100,704.723465
82.5179,100,705.064014
96.323526,100,705.413361
81.633854,100,705.762146
97.098516,100,706.165314
91.91623,100,706.519666
98.285324,100,706.895717
97.787603,100,707.263944
96.078158,100,707.620917
97.804508,100,707.986247
95.47529,100,708.332267
97.467797,100,708.683427
96.570393,100,709.038951
96.264396,100,709.387238
97.481151,100,709.8279
91.46776,100,710.191833
82.732751,100,710.540973
90.078885,100,710.885701
98.02558,100,711.259781
94.658979,100,711.61631
98.512868,100,711.996646
95.43525,100,712.335104
98.063812,100,712.832966
93.791627,100,713.282767
78.03482,100,713.739677
96.51984,100,714.116456
82.064538,100,714.464405
97.108104,100,714.827017
95.705584,100,715.211461
95.764702,100,715.599753
97.232934,100,715.947272
98.146027,100,716.337592
97.441038,100,716.698827
95.519793,100,717.112204
97.453672,100,717.518878
97.063023,100,717.867961
96.809269,100,718.23342
97.160139,100,718.634543
94.451668,100,719.00077
85.019672,100,719.393529
91.862056,100,719.752323
97.310562,100,720.149019
98.304254,100,720.538616
97.200191,100,720.906164
92.993195,100,721.25511
97.721744,100,721.736708
98.374539,100,722.145481
92.647041,100,722.494388
98.483732,100,722.919851
94.791747,100,723.301512
98.444175,100,723.702816
98.359067,100,724.095827
86.766174,100,724.459783
97.877876,100,724.844731
91.166063,100,725.25641
94.789155,100,725.712232
96.334331,100,726.077141
96.621987,100,726.425683
84.684553,100,726.8114
97.406574,100,727.182944
97.385026,100,727.612548
97.488001,100,728.025556
94.928899,100,728.372946
81.928035,100,728.734101
95.177884,100,729.090765
94.719148,100,729.488203
95.216101,100,729.881612
91.433801,100,730.224642
97.726689,100,730.596327
96.118731,100,730.951175
95.668051,100,731.302398
96.042533,100,731.653816
95.120657,100,732.00398
96.319519,100,732.354555
89.16281,100,732.699941
92.951588,100,733.076507
91.848615,100,733.483617
96.469816,100,733.828064
97.716816,100,734.209204
95.976147,100,734.552521
97.765165,100,734.915634
97.009226,100,735.327291
97.320431,100,735.743797
92.573814,100,736.083972
94.742198,100,736.42544
95.514708,100,736.814665
97.058522,100,737.189697
98.233807,100,737.595885
88.690875,100,737.947828
95.638262,100,738.326802
81.67598,100,738.69015
93.037425,100,739.055303
91.799911,100,739.496442
97.179395,100,740.031518
98.732946,100,740.48307
92.826252,100,740.861472
94.095102,100,741.200795
90.285639,100,741.552012
95.740384,100,741.906779
94.098275,100,742.249574
95.337519,100,742.604032
97.567363,100,742.965232
97.918986,100,743.335712
94.04363,100,743.686948
92.225231,100,744.044897
97.55135,100,744.428357
96.566459,100,744.842656
97.082744,100,745.20817
90.298506,100,745.568596
95.377613,100,745.943926
89.163999,100,746.334482
97.437469,100,746.744795
95.836803,100,747.111302
97.086683,100,747.460612
98.056995,100,747.851322
98.401791,100,748.264954
90.794219,100,748.619411
96.451455,100,748.964062
97.682279,100,749.340639
98.560249,100,749.719751
95.633612,100,750.119673
96.780891,100,750.524805
95.274985,100,750.936214
95.74515,100,751.327731
97.994277,100,751.728998
95.537199,100,752.084448
91.93336,100,752.46166
93.70014,100,752.832656
93.742694,100,753.193668
93.597469,100,753.580894
96.161384,100,753.946847
98.017399,100,754.33944
97.537084,100,754.713997
94.908056,100,755.113797
92.755636,100,755.481137
97.138657,100,755.850541
98.176576,100,756.269526
94.608018,100,756.615762
92.978872,100,756.973882
96.334685,100,757.3861
96.860868,100,757.795844
88.298277,100,758.164132
97.353058,100,758.556435
95.518348,100,758.905854
98.115241,100,759.295021
97.804205,100,759.686181
95.931882,100,760.08664
92.194889,100,760.446702
96.41752,100,760.842779
97.389001,100,761.244228
97.707356,100,761.646574
91.76108,100,762.030877
96.044798,100,762.407116
95.302274,100,762.763376
95.894968,100,763.164105
89.233854,100,763.52783
97.66741,100,763.969061
95.48529,100,764.388046
95.481985,100,764.733173
96.342953,100,765.091769
96.753338,100,765.477958
96.04353,100,765.831599
96.874956,100,766.199974
97.245604,100,766.567748
97.765137,100,766.939898
97.322981,100,767.309363
94.95498,100,767.654204
97.161439,100,768.001094
95.905332,100,768.358267
94.906256,100,768.70485
92.018881,100,769.06767
92.677967,100,769.42802
80.346394,100,769.775458
96.008549,100,770.117989
95.816287,100,770.531716
91.459856,100,770.912088
97.682543,100,771.337525
97.121483,100,771.738362
83.394632,100,772.094665
98.986087,100,772.496213
94.552833,100,772.850745
98.4342,100,773.237118
96.892758,100,773.605191
95.241826,100,773.957642
95.260826,100,774.336082
98.323466,100,774.719098
94.239546,100,775.064965
97.843746,100,775.423029
92.241345,100,775.771763
96.61519,100,776.121849
90.542198,100,776.465807
89.356295,100,776.847688
96.376483,100,777.202163
93.662694,100,777.553714
97.674818,100,777.918915
97.082979,100,778.282848
98.321509,100,778.7043
94.10284,100,779.093636
96.494729,100,779.547302
96.889945,100,779.894775
97.396164,100,780.255187
97.9592,100,780.636119
97.697026,100,780.993986
93.169025,100,781.335064
97.106179,100,781.885454
96.638397,100,782.396208
95.287834,100,782.818439
93.328128,100,783.234437
91.798862,100,783.593027
96.560506,100,783.945014
96.897795,100,784.350621
88.913822,100,784.741696
94.95808,100,785.100419
90.77626,100,785.454909
97.073402,100,785.818296
89.008748,100,786.161672
90.822903,100,786.501947
97.161743,100,786.851086
98.146077,100,787.235115
97.491444,100,787.630457
95.914557,100,788.028323
98.343149,100,788.495711
96.521061,100,788.964439
97.904579,100,789.359218
95.580037,100,789.725057
91.770542,100,790.083918
96.789589,100,790.464735
98.159881,100,790.862342
94.445626,100,791.205061
96.107012,100,791.570347
97.753706,100,791.936099
96.284412,100,792.292272
97.717391,100,792.680552
96.315236,100,793.041376
97.776346,100,793.436571
94.531603,100,793.7979
93.580079,100,794.160713
92.207926,100,794.504637
96.395296,100,794.861204
96.646458,100,795.22265
94.961144,100,795.610353
98.238641,100,796.009594
98.29669,100,796.422883
94.646477,100,796.777083
96.580998,100,797.134951
97.124084,100,797.484814
88.588514,100,797.83725
91.807104,100,798.185712
98.412518,100,798.562431
98.357909,100,798.944566
97.226963,100,799.314652
93.964575,100,799.679486
97.859694,100,800.088485
94.198372,100,800.532674
93.416629,100,800.893663
93.273648,100,801.263497
90.944429,100,801.608441
97.469631,100,801.958456
