#{"t_start": 1683711024.0167513, "env_id": "TestEnvironment-v1"}
r,l,t
0.859361,100,2.634021
0.265717,100,50.434648
0.330409,100,50.94062
1.001535,100,51.544809
1.054494,100,52.081969
1.003425,100,52.646098
0.278216,100,53.217529
0.188336,100,53.739179
4.009432,100,54.293753
0.023273,100,54.833227
0.20949,100,55.405629
0.871703,100,55.934316
2.28907,100,56.43805
0.037369,100,56.974954
0.614133,100,57.53292
42.740073,100,58.078411
26.03615,100,58.648806
0.375167,100,59.16441
0.12882,100,59.694261
0.529764,100,60.195307
0.675683,100,60.761126
41.790205,100,61.314996
74.450149,100,61.916252
81.610008,100,62.535091
0.059747,100,63.093484
0.021547,100,63.720318
14.18206,100,64.307976
0.015066,100,64.850983
0.141742,100,65.370082
10.403729,100,65.915378
0.002812,100,66.452035
78.526726,100,66.977625
2.305624,100,67.488051
7.302189,100,68.026109
13.282558,100,68.581939
2.675005,100,69.067976
0.723949,100,69.571442
0.324001,100,70.065265
0.542431,100,70.573007
0.273943,100,71.073659
8.924178,100,71.583902
17.12645,100,72.125375
2.782987,100,72.631065
14.474091,100,73.206177
0.781781,100,73.753052
75.923647,100,74.351514
3.6e-05,100,74.925828
2.738025,100,75.470422
3.966785,100,76.015473
0.9844,100,76.52454
16.226827,100,77.072154
4.613943,100,77.581704
0.000182,100,78.174867
4.965633,100,78.741028
0.081134,100,79.24962
1.980965,100,79.805722
0.260713,100,80.366897
5.136999,100,80.865431
0.023511,100,81.361147
7.008397,100,81.870087
1.494702,100,82.393427
4.169722,100,82.941756
9.041525,100,83.542307
2.569009,100,84.060662
53.8622,100,84.588039
0.976301,100,85.093515
21.917608,100,85.566779
2.397915,100,86.132598
3.744261,100,86.670363
2.697174,100,87.193325
85.883364,100,87.693526
85.863298,100,88.282658
0.482496,100,88.773878
2.951638,100,89.305728
6.826069,100,89.8258
5.358039,100,90.347007
5.282029,100,90.879624
0.134364,100,91.469707
0.000226,100,92.033193
23.200171,100,92.526235
51.530742,100,93.062818
2.562356,100,93.572013
2.562575,100,94.094707
0.491512,100,94.572088
1.336057,100,95.079692
26.900417,100,95.62522
10.243417,100,96.178489
2.93137,100,96.74642
82.433581,100,97.26702
0.185376,100,97.779477
72.384702,100,98.284991
2.82044,100,98.752362
67.932689,100,99.270469
2.602084,100,99.791732
10.204707,100,100.340338
4.952901,100,100.875662
4.819655,100,101.410377
13.230354,100,101.950317
1.360567,100,102.475389
6.20563,100,102.996827
68.699347,100,103.52759
87.825854,100,104.072242
29.713165,100,104.570123
89.106576,100,105.1064
12.259714,100,105.596736
2.268302,100,106.100488
0.008218,100,106.65138
0.132082,100,107.182206
0.675091,100,107.693066
0.358214,100,108.166747
0.353851,100,108.655327
69.91742,100,109.178992
1.672212,100,109.688646
0.287198,100,110.188604
3.000785,100,110.752063
9.699976,100,111.285039
51.255542,100,111.80378
61.113417,100,112.382247
4.465106,100,112.951015
13.630433,100,113.45189
87.579356,100,113.998546
2.402298,100,114.511792
27.294512,100,115.049678
68.59024,100,115.594774
7.845402,100,116.120973
20.760337,100,116.643999
0.348757,100,117.17794
22.353058,100,117.690127
0.446882,100,118.204058
0.308748,100,118.673459
34.923112,100,119.196683
20.937531,100,119.696491
2.924371,100,120.186151
4.010043,100,120.665316
0.085508,100,121.147351
6.129306,100,121.673979
0.884063,100,122.19129
0.951873,100,122.708592
1.778348,100,123.230513
62.852011,100,123.772895
83.311281,100,124.329051
1.220296,100,124.868228
3.540008,100,125.420337
23.071955,100,125.869684
0.24597,100,126.392855
1.440221,100,126.881221
2.68413,100,127.419945
16.779865,100,127.899566
0.500128,100,128.429136
0.622822,100,128.943124
11.747342,100,129.471774
0.211272,100,129.999356
0.223275,100,130.516778
27.078441,100,131.061185
62.841739,100,131.562132
31.53326,100,132.06117
9.602206,100,132.528136
1.195239,100,133.065861
1.794508,100,133.634873
1.112951,100,134.146267
85.355871,100,134.695036
3.26868,100,135.198436
57.424935,100,135.811797
56.15323,100,136.357805
27.536711,100,136.867934
39.073508,100,137.36989
30.213117,100,137.881638
22.140731,100,138.38149
39.754532,100,138.900571
82.299189,100,139.427735
1.488588,100,139.888374
0.177129,100,140.409928
50.667984,100,140.893133
6.35488,100,141.364329
2.721945,100,141.890578
16.280069,100,142.454401
82.61521,100,143.021318
6.839496,100,143.514952
74.172281,100,144.035551
3.120058,100,144.550126
26.821001,100,145.134943
80.149926,100,145.661191
3.914138,100,146.166504
7.696423,100,146.691282
70.623015,100,147.272014
62.527337,100,147.786415
26.046737,100,148.32774
22.884095,100,148.854701
0.304128,100,149.43404
82.691669,100,149.961945
4.937175,100,150.463338
27.08781,100,150.94552
4.00982,100,151.42614
24.461848,100,151.890443
11.308301,100,152.355276
6.008016,100,152.814945
18.020711,100,153.354705
62.577633,100,153.860648
0.033245,100,154.373916
3.09321,100,154.888861
3.785306,100,155.406344
29.569752,100,155.958454
74.606602,100,156.50016
44.307106,100,156.993069
8.047639,100,157.486457
2.415147,100,158.005297
29.031571,100,158.529557
37.781606,100,159.04111
43.064284,100,159.567546
12.539129,100,160.077768
1.367594,100,160.577042
3.714746,100,161.08105
6.152536,100,161.607787
4.37775,100,162.092
9.138045,100,162.595684
16.176162,100,163.112928
9.02645,100,163.703552
20.137802,100,164.27626
4.746906,100,164.774871
18.354644,100,165.30408
52.431116,100,165.857765
3.876095,100,166.372729
0.416356,100,166.88312
59.290831,100,167.401482
77.934552,100,167.934293
41.956613,100,168.432936
44.029221,100,168.95616
16.987682,100,169.523423
22.030263,100,170.099262
7.346841,100,170.611298
83.144082,100,171.132869
49.493347,100,171.66345
2.13405,100,172.160038
6.153852,100,172.661617
1.225382,100,173.193503
0.284991,100,173.726297
31.871653,100,174.225266
14.769994,100,174.733921
17.067523,100,175.263596
80.056452,100,175.771872
52.135515,100,176.310285
32.500687,100,176.800075
28.30573,100,177.285775
18.77757,100,177.735888
87.164626,100,178.260813
7.805982,100,178.8449
17.628472,100,179.38304
22.424038,100,179.883803
23.200508,100,180.41256
81.624742,100,181.009834
18.096319,100,181.538435
24.630871,100,182.057484
45.39782,100,182.600038
1.447674,100,183.113659
26.740154,100,183.576475
0.124548,100,184.040691
52.475472,100,184.509656
46.332061,100,185.011013
0.183114,100,185.547922
67.903274,100,186.11517
44.627384,100,186.689723
3.953444,100,187.201655
87.056582,100,187.705785
84.81779,100,188.203461
75.753016,100,188.690554
18.891002,100,189.184915
55.883848,100,189.655164
1.082117,100,190.14944
34.325272,100,190.626432
22.066146,100,191.071815
64.641548,100,191.567216
25.520263,100,192.068424
5.000155,100,192.60287
67.706803,100,193.147343
15.072336,100,193.676596
73.83036,100,194.181346
19.451185,100,194.718618
20.181781,100,195.195961
38.274877,100,195.684911
30.721997,100,196.181675
3.892672,100,196.685912
32.855464,100,197.188317
38.776355,100,197.6661
42.017621,100,198.139438
83.59947,100,198.630071
7.732994,100,199.090667
31.475918,100,199.549167
55.196665,100,200.055644
0.832016,100,200.562107
29.448556,100,201.032704
46.486525,100,201.498788
22.799034,100,201.989929
51.531505,100,202.464852
10.920236,100,202.933338
25.013815,100,203.409322
1.426776,100,203.917439
5.080494,100,204.428982
42.202648,100,204.918381
9.625482,100,205.425398
31.554818,100,205.9077
33.815784,100,206.381982
43.243547,100,206.834154
40.32897,100,207.333558
24.882574,100,207.814124
40.208111,100,208.32731
36.256688,100,208.827567
69.812264,100,209.321495
82.035184,100,209.836337
24.031604,100,210.321114
58.161741,100,210.844477
70.493439,100,211.373471
40.927629,100,211.853638
11.622169,100,212.371715
11.043162,100,212.836831
32.373733,100,213.324047
6.508155,100,213.823408
83.138386,100,214.330818
58.384987,100,214.862766
19.163962,100,215.350228
85.806844,100,215.896969
65.208812,100,216.386788
76.230669,100,216.904939
47.356735,100,217.429498
21.640531,100,217.941118
83.879648,100,218.471482
41.282644,100,219.042138
26.874478,100,219.601105
44.357518,100,220.097736
54.368586,100,220.59843
78.2702,100,221.102663
20.964459,100,221.60073
37.435834,100,222.06493
8.195942,100,222.564518
15.704788,100,223.06633
22.664577,100,223.582224
19.884796,100,224.116082
79.983952,100,224.612468
59.366827,100,225.124787
17.661082,100,225.629569
59.367863,100,226.148691
39.256089,100,226.664504
21.044265,100,227.205296
78.891061,100,227.78538
25.38688,100,228.253646
49.699473,100,228.75672
19.528856,100,229.260617
35.235413,100,229.773661
47.351238,100,230.261242
40.870491,100,230.75482
21.224312,100,231.350483
17.730442,100,231.870406
72.538609,100,232.363628
40.960045,100,232.872701
29.242733,100,233.356405
83.919334,100,233.861269
73.776013,100,234.475266
39.185642,100,234.952892
72.013921,100,235.473181
29.738973,100,235.995261
33.93824,100,236.503649
61.796114,100,237.028472
84.96241,100,237.574958
39.686577,100,238.066611
28.772083,100,238.633489
74.775396,100,239.135114
42.209622,100,239.661179
40.586605,100,240.184398
15.164624,100,240.707774
34.992069,100,241.209784
64.171307,100,241.724691
27.737762,100,242.247518
56.277224,100,242.759802
17.034236,100,243.251954
21.835041,100,243.755996
74.199528,100,244.224671
46.493911,100,244.696669
56.81656,100,245.172345
44.818456,100,245.665494
43.102482,100,246.121741
39.511284,100,246.597344
53.476198,100,247.102224
70.258888,100,247.577798
16.049126,100,248.065382
72.028118,100,248.547619
52.714241,100,249.044066
73.884385,100,249.531955
73.382958,100,250.021827
59.000827,100,250.497206
36.326992,100,250.995622
31.393096,100,251.511304
40.218546,100,251.999715
38.195174,100,252.481436
32.296417,100,252.982063
36.314044,100,253.467982
77.951074,100,253.960945
69.510687,100,254.482393
38.709395,100,255.008034
72.124851,100,255.538843
65.747762,100,256.056647
29.930874,100,256.558079
50.83714,100,257.059281
38.624045,100,257.540669
43.907858,100,258.01716
41.268153,100,258.495659
56.05893,100,258.982653
44.844001,100,259.508629
82.243361,100,259.977993
74.479553,100,260.439631
74.921819,100,260.949653
66.740749,100,261.424142
33.245095,100,261.932276
54.349989,100,262.460976
53.872484,100,262.928421
51.891311,100,263.378179
63.979713,100,263.828718
75.247332,100,264.332076
75.549515,100,264.839894
37.58985,100,265.335145
59.231134,100,265.811724
51.272785,100,266.311177
38.866333,100,266.780773
63.791665,100,267.254447
78.818128,100,267.769704
68.367322,100,268.249286
60.072992,100,268.732914
66.075315,100,269.198478
75.353724,100,269.721666
42.59929,100,270.206372
37.720418,100,270.715136
29.555932,100,271.195558
81.540953,100,271.659956
78.686823,100,272.144348
51.92152,100,272.601239
38.376442,100,273.067952
77.106007,100,273.565389
67.49554,100,274.075465
47.20172,100,274.544221
72.501256,100,275.013644
60.472163,100,275.529407
27.425425,100,276.017956
36.944487,100,276.546302
41.498789,100,277.019494
65.196503,100,277.530198
50.631543,100,277.997037
41.860013,100,278.488898
68.695525,100,278.97991
44.019384,100,279.476415
63.738573,100,279.966929
39.273834,100,280.441704
57.368627,100,280.922003
23.628442,100,281.413884
36.070211,100,281.87932
74.509919,100,282.353329
44.684799,100,282.822735
50.453801,100,283.302063
68.372135,100,283.781519
67.861986,100,284.253758
60.600414,100,284.748493
46.584539,100,285.279281
46.19453,100,285.781106
8.879129,100,286.271083
31.592357,100,286.745035
84.558536,100,287.246711
61.454853,100,287.735556
47.110776,100,288.20942
44.451079,100,288.672318
36.923213,100,289.14134
71.64474,100,289.691182
42.12016,100,290.197345
10.999105,100,290.679644
79.818388,100,291.182458
22.896356,100,291.692526
69.985873,100,292.162201
55.665321,100,292.633233
28.29485,100,293.094636
82.571935,100,293.575477
60.007601,100,294.053012
65.060003,100,294.581609
64.66719,100,295.059036
70.453657,100,295.624375
64.050964,100,296.123847
39.999372,100,296.619141
85.024447,100,297.14972
71.492109,100,297.660488
49.625974,100,298.180681
52.650425,100,298.692908
70.303334,100,299.185997
55.275088,100,299.677883
78.12252,100,300.173557
66.822246,100,300.690135
53.013991,100,301.18398
76.192577,100,301.726155
43.517968,100,302.213735
65.589171,100,302.736697
48.726637,100,303.22571
82.079775,100,303.715042
68.132179,100,304.214601
45.641305,100,304.716707
75.290296,100,305.209709
71.847801,100,305.707125
17.944731,100,306.201273
68.288573,100,306.698771
81.282354,100,307.190735
40.109476,100,307.706369
44.538935,100,308.215381
69.22084,100,308.765135
78.228645,100,309.267424
72.756175,100,309.79181
84.066029,100,310.297473
45.279349,100,310.765901
37.934567,100,311.264182
82.214692,100,311.750251
83.188642,100,312.246317
45.405245,100,312.746373
50.157509,100,313.214046
78.036799,100,313.754604
78.604484,100,314.263216
39.42117,100,314.787367
60.175147,100,315.250656
72.617059,100,315.71878
26.834799,100,316.179883
44.665837,100,316.683877
47.289566,100,317.178391
45.42796,100,317.657696
83.186315,100,318.148924
51.83088,100,318.615178
49.052423,100,319.097612
72.686938,100,319.551389
44.907987,100,320.044326
72.610166,100,320.532226
54.673804,100,321.008862
58.434474,100,321.523162
50.579819,100,322.099989
64.67529,100,322.578907
73.476778,100,323.093851
57.637865,100,323.582394
37.534445,100,324.087079
51.528977,100,324.632711
83.676421,100,325.243508
64.311439,100,325.760734
33.733932,100,326.266285
72.700428,100,326.777119
80.03393,100,327.266521
64.102583,100,327.736094
80.913585,100,328.224499
66.325318,100,328.723974
48.993286,100,329.246356
84.700797,100,329.745327
69.165728,100,330.19776
59.036943,100,330.672018
80.836164,100,331.195677
84.444176,100,331.69701
66.741752,100,332.174662
76.492493,100,332.670759
52.876659,100,333.146216
49.365244,100,333.654291
48.69303,100,334.158436
58.756293,100,334.621176
62.311623,100,335.100017
51.954895,100,335.571806
64.15409,100,336.057726
69.302865,100,336.538924
72.336935,100,337.022179
55.69357,100,337.494209
39.080475,100,338.005035
42.333838,100,338.503619
70.693934,100,339.079357
71.951172,100,339.658487
43.447356,100,340.162134
79.377628,100,340.671092
65.888484,100,341.231138
0.028848,100,341.755384
80.217879,100,342.267072
57.856234,100,342.775071
78.37367,100,343.273109
69.584698,100,343.777833
56.745845,100,344.252015
51.628869,100,344.762408
84.24299,100,345.309685
77.245444,100,345.893626
81.654845,100,346.466547
37.612015,100,346.975445
70.286196,100,347.463197
47.01951,100,348.036911
52.703785,100,348.547506
50.146546,100,349.087306
28.217736,100,349.591667
58.141483,100,350.111428
57.874627,100,350.577601
60.202805,100,351.174991
61.035388,100,351.664687
54.628897,100,352.138717
37.503995,100,352.602273
73.574617,100,353.12684
58.841207,100,353.633907
68.605539,100,354.142633
75.370506,100,354.707336
73.370875,100,355.257647
55.172618,100,355.794724
60.774026,100,356.293557
64.713867,100,356.843997
83.856466,100,357.373245
53.212574,100,357.872581
57.198521,100,358.377643
40.630293,100,358.906519
81.44967,100,359.393717
71.278129,100,359.954609
84.982074,100,360.512127
52.539687,100,361.021842
48.435499,100,361.542947
49.175226,100,362.074722
75.989881,100,362.721715
68.293395,100,363.264645
49.853408,100,363.836092
52.067354,100,364.392416
57.132497,100,364.88979
49.706755,100,365.391488
74.603661,100,365.871794
42.442698,100,366.344299
54.619162,100,366.810744
44.50048,100,367.302248
46.43859,100,367.809628
43.214024,100,368.318052
49.035154,100,368.802822
68.054406,100,369.305258
78.502502,100,369.815446
47.554985,100,370.315701
62.365167,100,370.825865
51.305125,100,371.358984
37.93345,100,371.898389
82.410872,100,372.458637
54.359451,100,372.978698
49.706271,100,373.513671
59.607866,100,374.054879
53.992842,100,374.600368
56.57411,100,375.158974
49.652275,100,375.690107
82.560527,100,376.189209
52.679492,100,376.703729
65.514582,100,377.165725
83.584661,100,377.694592
32.075104,100,378.203203
66.626225,100,378.712068
71.321854,100,379.232911
74.178267,100,379.745483
43.463623,100,380.250705
83.64085,100,380.7575
52.479316,100,381.258298
3.722791,100,381.725805
59.786003,100,382.244852
38.523335,100,382.761955
52.480623,100,383.260556
69.724168,100,383.776297
44.364407,100,384.327945
82.552967,100,384.843974
74.567411,100,385.367944
75.894664,100,385.866893
53.83947,100,386.362776
59.032782,100,386.935053
54.545577,100,387.482899
34.556129,100,387.987421
81.653156,100,388.548857
51.523766,100,389.082418
81.515702,100,389.659271
39.696831,100,390.201975
68.540606,100,390.77849
45.909283,100,391.306828
73.958997,100,391.823166
71.158173,100,392.353858
52.95305,100,392.953562
39.994414,100,393.531657
55.605676,100,394.164299
63.619604,100,394.700801
59.947037,100,395.222878
55.646132,100,395.776175
63.287386,100,396.306192
83.353618,100,396.890916
31.949665,100,397.43362
66.490371,100,397.958391
55.020724,100,398.50667
82.175417,100,399.055418
48.697468,100,399.586375
81.967125,100,400.137667
69.286328,100,400.639568
75.68664,100,401.119458
79.805468,100,401.640221
71.720227,100,402.181499
54.304082,100,402.6411
73.153933,100,403.146252
81.95902,100,403.632154
73.897934,100,404.134183
50.780776,100,404.658361
76.716034,100,405.218294
46.25253,100,405.705197
68.903825,100,406.190623
47.484322,100,406.657802
75.861818,100,407.154331
58.383187,100,407.616775
45.682366,100,408.082665
58.06991,100,408.595814
42.109805,100,409.164748
81.997253,100,409.631444
66.64713,100,410.134257
83.1562,100,410.649635
56.472864,100,411.124876
55.329516,100,411.601124
79.18303,100,412.106896
55.498694,100,412.581602
52.752512,100,413.091058
77.711281,100,413.595347
66.628116,100,414.0889
50.345784,100,414.565062
44.149127,100,415.053129
74.928973,100,415.534015
65.656691,100,416.021231
81.990619,100,416.510271
46.83315,100,416.991708
82.90998,100,417.49821
43.900493,100,417.983357
59.758904,100,418.493541
55.971218,100,418.975962
48.610062,100,419.454532
81.298752,100,419.957732
53.273861,100,420.42912
77.442802,100,420.909543
66.152077,100,421.396858
83.537475,100,421.903545
66.365375,100,422.419451
80.879193,100,422.926561
47.373605,100,423.427839
54.293317,100,423.925408
51.176413,100,424.415532
46.677854,100,424.910342
46.494545,100,425.480563
70.709443,100,426.12259
60.428468,100,426.734163
78.691868,100,427.275494
79.145387,100,427.820735
59.532095,100,428.301024
50.94673,100,428.781179
76.403878,100,429.25903
68.385604,100,429.774595
78.208225,100,430.253919
70.274077,100,430.713676
73.862236,100,431.202581
84.492008,100,431.779572
50.22316,100,432.28241
83.064915,100,432.796781
77.184328,100,433.286678
41.537572,100,433.762082
72.82756,100,434.251678
48.577878,100,434.766205
48.960587,100,435.265433
61.9925,100,435.776655
49.344304,100,436.281386
63.189055,100,436.802127
81.222198,100,437.317156
75.063436,100,437.862766
48.746148,100,438.329729
67.438156,100,438.806604
49.09425,100,439.373462
68.557929,100,439.881289
58.555185,100,440.396233
53.621535,100,440.882141
71.579878,100,441.389649
81.021784,100,441.903111
49.228325,100,442.440737
53.210975,100,442.917282
47.425462,100,443.38523
70.694255,100,443.874377
43.378271,100,444.403187
63.780253,100,444.903107
48.449451,100,445.443402
76.41772,100,445.927418
65.870556,100,446.413728
58.664686,100,446.89942
82.597756,100,447.409937
72.929868,100,447.913379
40.023874,100,448.429549
65.728042,100,448.896923
68.790715,100,449.360622
79.231876,100,449.870241
58.014003,100,450.489813
62.253135,100,451.02331
77.746104,100,451.540252
47.671942,100,452.017768
51.482686,100,452.514287
74.86085,100,452.998028
82.193554,100,453.504624
67.106207,100,454.089675
57.327429,100,454.59034
79.995219,100,455.161798
68.90577,100,455.698632
74.645855,100,456.303036
81.942468,100,456.898732
56.269337,100,457.394936
60.49671,100,457.868966
65.754154,100,458.393787
65.128289,100,458.908919
53.759694,100,459.465622
58.611298,100,459.986863
82.126219,100,460.479064
58.41392,100,461.004829
47.345955,100,461.510952
75.094026,100,462.042309
71.961889,100,462.52114
69.547692,100,462.990581
59.82867,100,463.470168
72.663475,100,463.952941
63.095704,100,464.473338
81.232411,100,464.973495
63.714763,100,465.472183
81.581726,100,466.000176
77.760554,100,466.544545
53.807703,100,467.033903
71.851541,100,467.5586
80.519773,100,468.126842
37.740391,100,468.674125
78.092162,100,469.202383
73.111908,100,469.673946
57.293013,100,470.156872
59.503199,100,470.646403
63.097199,100,471.158019
83.018908,100,471.65621
45.15654,100,472.143191
61.244357,100,472.618705
68.092953,100,473.1185
73.363054,100,473.607815
67.593659,100,474.130486
55.965565,100,474.739203
63.645722,100,475.269774
80.185557,100,475.850876
81.326486,100,476.415842
67.620524,100,476.967406
57.448347,100,477.505768
56.746321,100,478.039148
80.23051,100,478.642374
77.068609,100,479.181209
62.80801,100,479.753611
85.179715,100,480.309485
78.706703,100,480.856615
78.820413,100,481.392154
43.14162,100,481.898578
55.051308,100,482.418119
38.453569,100,482.958398
60.723402,100,483.518394
51.757512,100,484.099328
79.211649,100,484.621899
54.250625,100,485.133659
55.951956,100,485.65181
49.627549,100,486.186487
80.156513,100,486.72705
52.257152,100,487.265249
56.779447,100,487.788927
82.886099,100,488.35132
48.637452,100,488.972923
59.46334,100,489.530548
78.328852,100,490.089194
79.350389,100,490.614011
44.978656,100,491.164299
80.507326,100,491.735067
80.89405,100,492.25945
64.581191,100,492.827167
73.482438,100,493.382363
38.502873,100,493.927397
78.759119,100,494.443467
81.92683,100,495.017705
58.623567,100,495.51579
50.460297,100,496.02163
68.793726,100,496.513638
80.899812,100,497.050493
51.801715,100,497.537765
54.600212,100,498.049077
79.691323,100,498.581868
75.870625,100,499.109864
79.377,100,499.676757
79.013016,100,500.249923
80.958615,100,500.836849
52.115976,100,501.389611
71.875939,100,501.907814
45.170232,100,502.463496
73.263956,100,503.011824
78.101847,100,503.521953
83.024656,100,504.021803
65.070367,100,504.544787
76.436828,100,505.068197
49.975375,100,505.602162
68.27392,100,506.159984
43.519175,100,506.727366
82.322584,100,507.254236
70.195626,100,507.771675
57.666114,100,508.29247
61.28851,100,508.827889
57.662616,100,509.317041
38.844202,100,509.830241
58.65649,100,510.357369
34.566458,100,510.899078
62.301513,100,511.450651
40.791433,100,512.001766
61.963799,100,512.525846
81.117784,100,513.093209
73.905872,100,513.690849
81.266109,100,514.239209
80.413675,100,514.778886
55.119605,100,515.304181
53.348416,100,515.846091
55.377642,100,516.352973
47.429302,100,516.860252
75.201199,100,517.383644
47.165714,100,517.866196
50.144896,100,518.371992
68.506519,100,518.851248
74.903888,100,519.339005
80.642402,100,519.915833
81.395917,100,520.43357
57.173432,100,520.960057
80.034638,100,521.467442
42.511917,100,521.962208
54.551966,100,522.473011
51.37345,100,522.992615
68.77696,100,523.5468
49.590672,100,524.058728
75.620004,100,524.585351
73.726373,100,525.092952
82.268999,100,525.652685
49.985239,100,526.183324
80.73908,100,526.750416
70.531725,100,527.254457
46.074044,100,527.772706
82.01551,100,528.309875
71.80736,100,528.833673
76.191229,100,529.363372
51.797393,100,529.875445
71.602175,100,530.388749
74.846715,100,530.922755
52.925231,100,531.452838
79.447202,100,531.954952
73.479191,100,532.453418
79.502093,100,532.937707
79.820075,100,533.478714
80.225164,100,534.035046
82.173921,100,534.55382
60.406875,100,535.090552
50.655036,100,535.579215
77.764203,100,536.097311
63.741407,100,536.651611
59.305684,100,537.158746
79.306421,100,537.711203
71.333761,100,538.204159
63.145713,100,538.70614
76.845436,100,539.198771
74.800419,100,539.6973
76.406716,100,540.209598
53.531741,100,540.699626
79.781488,100,541.235509
77.665707,100,541.738098
65.51143,100,542.2519
81.277764,100,542.747389
72.445107,100,543.307852
52.07827,100,543.851045
70.392308,100,544.346409
67.595282,100,544.883598
56.78147,100,545.404462
55.577381,100,545.883441
40.749722,100,546.406285
53.458385,100,546.965811
46.564335,100,547.447263
74.360703,100,548.022502
78.234544,100,548.52863
72.839203,100,549.021191
69.801314,100,549.511884
51.462534,100,550.039769
82.758049,100,550.570573
68.110854,100,551.114833
79.168726,100,551.639324
76.096059,100,552.154738
63.932001,100,552.684358
42.716725,100,553.174081
75.725743,100,553.672721
65.632752,100,554.183246
83.275381,100,554.754175
50.347402,100,555.241869
74.002563,100,555.744907
64.948247,100,556.271388
74.817433,100,556.793021
79.582729,100,557.330417
70.230658,100,557.889116
62.367642,100,558.378065
25.3044,100,558.938806
81.220233,100,559.463099
54.028491,100,559.98017
78.980702,100,560.518531
80.070011,100,561.07332
82.785088,100,561.627939
59.50378,100,562.154794
53.294728,100,562.63855
74.760585,100,563.154791
74.448442,100,563.689704
75.372154,100,564.242106
51.250221,100,564.771057
75.522597,100,565.359282
52.467689,100,565.937897
70.206025,100,566.534015
81.425949,100,567.118097
80.324026,100,567.697533
80.644363,100,568.242594
81.466969,100,568.746796
63.521281,100,569.264459
47.173016,100,569.763013
59.950313,100,570.37704
66.976216,100,570.906412
74.010285,100,571.41342
79.15396,100,571.946902
65.467335,100,572.465169
80.401738,100,573.067448
61.562121,100,573.566678
63.999429,100,574.085094
80.207191,100,574.601345
83.017342,100,575.151113
52.217466,100,575.676301
51.621459,100,576.239473
70.567295,100,576.809077
84.199535,100,577.423818
77.323594,100,577.977661
49.091134,100,578.486637
52.474138,100,578.982815
49.707996,100,579.524603
83.484783,100,580.051814
82.927435,100,580.586592
55.291688,100,581.150858
82.147424,100,581.686478
50.89948,100,582.202886
48.4427,100,582.696619
82.018797,100,583.201519
46.750912,100,583.731138
70.413402,100,584.240022
80.464458,100,584.769636
67.222215,100,585.29075
45.252165,100,585.782244
65.293582,100,586.298448
57.274861,100,586.806424
63.004364,100,587.342016
76.153436,100,587.878444
47.01227,100,588.420576
68.702281,100,588.959875
66.821718,100,589.577477
63.609074,100,590.131284
63.825038,100,590.711435
73.499897,100,591.279484
80.548861,100,591.854506
56.658379,100,592.361567
71.331517,100,592.866844
55.727307,100,593.380878
83.191243,100,593.965411
74.213266,100,594.460947
81.62718,100,595.008499
57.341042,100,595.533885
52.566588,100,596.041732
81.956006,100,596.567505
82.97124,100,597.092497
39.704459,100,597.597816
41.397456,100,598.128186
84.818676,100,598.6427
79.152724,100,599.222794
81.342724,100,599.823589
70.343084,100,600.417387
70.728926,100,600.95023
78.565372,100,601.523597
83.496263,100,602.063509
60.706116,100,602.601803
65.471888,100,603.150468
54.42754,100,603.706047
81.282911,100,604.260074
56.471521,100,604.765266
66.574663,100,605.284553
58.90599,100,605.805758
69.625435,100,606.410968
75.769693,100,606.925953
43.631826,100,607.443424
72.380634,100,607.967869
60.288702,100,608.48453
75.472668,100,609.018585
76.159645,100,609.548482
49.318259,100,610.098954
69.871756,100,610.603816
45.881865,100,611.12281
71.13945,100,611.654033
74.465284,100,612.226745
65.161976,100,612.796614
82.892152,100,613.375685
49.469818,100,613.881651
65.436856,100,614.369911
76.572384,100,614.880344
67.431086,100,615.382589
68.665795,100,615.907807
75.444636,100,616.421416
74.337692,100,616.956361
79.030091,100,617.506035
75.487486,100,618.024819
72.609264,100,618.529778
75.32595,100,619.065538
76.99221,100,619.593732
67.48336,100,620.097344
47.779638,100,620.673572
67.254353,100,621.158088
52.251932,100,621.66941
43.391282,100,622.191562
76.935366,100,622.774189
80.099212,100,623.324608
48.976225,100,623.872959
46.627501,100,624.370792
69.811569,100,624.910326
81.751213,100,625.477702
72.43148,100,626.02329
59.036944,100,626.546286
65.797518,100,627.045613
52.90285,100,627.530169
55.563186,100,628.078003
82.249717,100,628.67159
50.679446,100,629.194793
79.257258,100,629.736852
55.511478,100,630.26855
77.864571,100,630.838546
46.499944,100,631.384191
49.203945,100,631.870186
59.282197,100,632.397424
51.93068,100,632.925062
52.667549,100,633.468619
70.48853,100,634.013045
60.48834,100,634.587912
37.803804,100,635.142849
57.348432,100,635.668994
67.264356,100,636.213512
60.47724,100,636.781644
74.438539,100,637.322227
74.042133,100,637.885149
49.805412,100,638.434259
62.837136,100,638.93593
55.223879,100,639.451465
51.54618,100,639.986925
84.320847,100,640.550508
61.584472,100,641.051291
80.701354,100,641.581372
38.782931,100,642.086056
81.932865,100,642.606553
82.052551,100,643.173007
71.228863,100,643.670954
45.824604,100,644.166836
74.433452,100,644.664666
80.807847,100,645.202816
82.951074,100,645.717729
63.45993,100,646.266427
69.869712,100,646.778868
58.538395,100,647.342962
52.830359,100,647.836241
79.806311,100,648.371076
80.126975,100,648.942056
78.052252,100,649.492337
55.236801,100,650.065421
70.067571,100,650.549131
69.637519,100,651.065455
65.764199,100,651.610073
58.132627,100,652.133659
72.735988,100,652.666187
80.645835,100,653.231674
58.486318,100,653.757107
80.954926,100,654.290331
59.350384,100,654.834281
50.19471,100,655.353956
72.744723,100,655.891224
46.959815,100,656.413944
79.942685,100,656.978591
70.588504,100,657.540247
62.173266,100,658.055146
60.20278,100,658.603619
51.853775,100,659.133213
66.701238,100,659.635814
80.90664,100,660.21041
49.037647,100,660.749298
62.152084,100,661.316986
80.242212,100,661.867438
61.429785,100,662.432854
77.353899,100,662.985468
70.139846,100,663.503078
49.356892,100,664.0032
61.863723,100,664.511337
75.330124,100,665.066293
62.329583,100,665.597172
71.090767,100,666.17208
55.804639,100,666.719829
65.15337,100,667.328425
60.743565,100,667.876584
79.880612,100,668.461825
77.098223,100,668.965866
59.474448,100,669.509454
81.049797,100,670.059108
70.002013,100,670.601075
68.820905,100,671.109902
77.291387,100,671.667948
59.64606,100,672.236299
54.337891,100,672.769907
79.605615,100,673.31516
52.619858,100,673.813754
64.912667,100,674.343779
72.709846,100,674.896003
62.745148,100,675.394598
53.778195,100,675.935257
78.956461,100,676.522719
43.398531,100,677.035699
76.705021,100,677.569958
75.215022,100,678.119461
74.685183,100,678.694263
63.657432,100,679.207745
74.042067,100,679.79673
50.782332,100,680.339971
51.115433,100,680.878744
74.92414,100,681.453321
66.681935,100,682.027794
80.793568,100,682.615518
73.629041,100,683.129769
69.10691,100,683.640961
45.191559,100,684.169057
63.126445,100,684.701701
47.462406,100,685.241698
77.77396,100,685.776151
40.53109,100,686.281316
77.528537,100,686.835863
79.288265,100,687.385066
0.011836,100,687.935121
81.313909,100,688.483081
55.319506,100,688.993115
82.815129,100,689.618958
84.29237,100,690.15269
77.27285,100,690.763479
81.055953,100,691.317029
73.57549,100,691.814176
42.535902,100,692.31426
75.906596,100,692.823203
82.407582,100,693.352216
44.259806,100,693.879855
77.308332,100,694.430394
57.356538,100,694.9332
58.372608,100,695.41954
47.738594,100,695.936744
81.354866,100,696.441256
78.232354,100,697.01518
33.783471,100,697.528227
60.87886,100,698.040767
70.350599,100,698.535293
43.361764,100,699.054026
70.812966,100,699.584952
46.413253,100,700.10933
65.591007,100,700.615996
74.476758,100,701.132026
69.759583,100,701.633836
34.659196,100,702.227563
68.440485,100,702.726585
56.863031,100,703.221674
16.543767,100,703.77482
77.932151,100,704.310447
56.845019,100,704.836606
61.874253,100,705.332242
69.985423,100,705.88201
63.305734,100,706.45891
51.753684,100,706.988136
64.254173,100,707.526724
78.020149,100,708.09185
40.284671,100,708.622177
71.393993,100,709.144024
78.996085,100,709.707834
62.958092,100,710.266282
40.760285,100,710.8352
56.449729,100,711.383571
81.012517,100,711.928291
80.679634,100,712.52808
81.949554,100,713.071885
62.69578,100,713.598768
82.562473,100,714.16755
69.814722,100,714.709277
60.574406,100,715.263561
65.007205,100,715.767677
63.235292,100,716.306787
52.17793,100,716.811802
39.767636,100,717.32906
66.459074,100,717.831337
51.844944,100,718.365083
79.900246,100,718.912698
57.994447,100,719.430098
72.33375,100,719.950018
74.374286,100,720.452063
70.969809,100,720.965029
80.666401,100,721.513565
58.429931,100,722.055391
49.512669,100,722.583975
77.234469,100,723.07981
49.552964,100,723.625063
52.724405,100,724.147427
76.894365,100,724.695084
69.634635,100,725.210012
77.76321,100,725.75287
44.063156,100,726.303537
63.094366,100,726.891477
72.387411,100,727.415943
50.633841,100,727.961385
81.136546,100,728.537404
65.623739,100,729.097121
69.091633,100,729.615294
64.428227,100,730.165497
80.953415,100,730.708742
78.339992,100,731.261399
83.377634,100,731.806764
77.004636,100,732.382635
50.525666,100,732.913012
81.685675,100,733.507244
67.429765,100,734.057077
64.833403,100,734.617416
72.042552,100,735.136312
65.354409,100,735.719627
77.909273,100,736.243721
43.805315,100,736.809901
79.598012,100,737.394672
74.660001,100,737.941483
74.05596,100,738.502727
66.084775,100,739.038016
43.25905,100,739.588984
51.748649,100,740.122994
54.882859,100,740.668031
47.962892,100,741.193615
41.284187,100,741.701072
57.85354,100,742.282584
41.368734,100,742.874078
69.929546,100,743.417821
62.753714,100,743.962398
80.487471,100,744.562387
81.043071,100,745.130603
70.224036,100,745.696912
72.049874,100,746.263478
73.474106,100,746.809041
64.666821,100,747.35046
65.496905,100,747.928098
82.040624,100,748.474874
82.153718,100,749.055521
44.060549,100,749.581165
62.751738,100,750.093085
78.53403,100,750.64696
54.081326,100,751.186929
45.791592,100,751.73762
77.31382,100,752.246811
67.934592,100,752.810533
49.409291,100,753.34608
75.670749,100,753.935636
42.669413,100,754.506307
81.762472,100,755.071554
57.781244,100,755.687304
48.628898,100,756.260064
69.390899,100,756.811672
74.784985,100,757.351036
60.529552,100,757.912962
77.40033,100,758.432964
72.170532,100,758.981936
79.929215,100,759.552945
79.726087,100,760.095262
65.9052,100,760.597167
68.035046,100,761.102945
80.131513,100,761.640054
78.738522,100,762.186072
79.662994,100,762.73737
79.880553,100,763.283552
62.060716,100,763.792337
84.480778,100,764.368113
46.769769,100,764.912753
83.386522,100,765.449602
46.13117,100,766.018896
76.782369,100,766.562967
81.593959,100,767.134389
78.07609,100,767.682502
71.12582,100,768.263071
40.387267,100,768.801455
57.048184,100,769.360921
52.195973,100,769.910081
77.273895,100,770.447207
80.859849,100,771.028644
76.913052,100,771.617385
50.605899,100,772.136368
82.266776,100,772.71929
62.331291,100,773.249384
63.30795,100,773.833992
75.276282,100,774.421221
58.094341,100,774.954831
54.778143,100,775.476006
72.463357,100,776.000175
51.358055,100,776.521599
72.911317,100,777.093694
46.450076,100,777.604304
54.046319,100,778.135435
55.44473,100,778.662576
53.806028,100,779.190178
54.374385,100,779.766641
46.498797,100,780.321581
73.393571,100,780.879207
73.307252,100,781.389055
83.063342,100,781.983295
74.086549,100,782.471895
79.608679,100,783.04869
49.015745,100,783.567053
61.521145,100,784.126833
72.14828,100,784.642058
45.332656,100,785.200551
46.26231,100,785.765578
72.242405,100,786.350912
63.773815,100,786.908984
67.735839,100,787.454804
58.78102,100,788.011518
80.204405,100,788.586153
79.973882,100,789.181524
73.363837,100,789.690975
75.724784,100,790.200966
71.686465,100,790.73456
81.299983,100,791.358422
77.239122,100,791.893987
61.623518,100,792.412366
67.29769,100,792.969894
81.717703,100,793.543226
64.163812,100,794.074041
76.847399,100,794.613129
78.158363,100,795.185406
45.715333,100,795.756622
58.369127,100,796.316298
70.245357,100,796.86647
58.510201,100,797.398994
61.240793,100,797.943934
70.81947,100,798.469903
70.41608,100,799.00754
65.634281,100,799.529121
48.734304,100,800.092576
86.195852,100,800.660018
50.327564,100,801.201107
66.174637,100,801.787938
51.046693,100,802.341514
80.869855,100,802.847861
70.026075,100,803.375823
81.265637,100,803.954424
67.589612,100,804.47157
83.651705,100,805.020069
76.427852,100,805.552805
78.654043,100,806.077193
56.683168,100,806.616965
69.015131,100,807.141771
69.310618,100,807.653948
73.632245,100,808.24475
73.587745,100,808.786928
81.59748,100,809.36241
74.397623,100,809.89139
76.923471,100,810.451096
55.401526,100,810.963143
59.745602,100,811.518878
62.004871,100,812.050952
58.725212,100,812.584756
60.036803,100,813.125222
70.206848,100,813.67031
48.09588,100,814.185005
53.626267,100,814.715448
69.630629,100,815.257488
76.341474,100,815.835275
72.43317,100,816.38787
46.623952,100,816.926197
60.621256,100,817.477386
78.581593,100,818.029783
66.521002,100,818.543426
73.880335,100,819.079565
79.633166,100,819.698195
81.00771,100,820.301265
51.103501,100,820.843518
78.963099,100,821.369626
45.559826,100,821.946786
50.609432,100,822.466606
81.849369,100,823.044147
43.169781,100,823.617827
79.760092,100,824.23365
52.181634,100,824.76903
74.467331,100,825.2942
72.704431,100,825.830791
76.01358,100,826.395806
67.568891,100,826.93825
56.106235,100,827.525508
67.620109,100,828.063887
66.388133,100,828.648196
80.406418,100,829.211532
51.637864,100,829.775185
66.221871,100,830.329412
45.017193,100,830.901922
60.817117,100,831.482724
50.573724,100,832.010699
76.98018,100,832.553217
75.338721,100,833.086867
76.317085,100,833.684744
64.273653,100,834.255656
70.091011,100,834.767597
83.320666,100,835.345854
82.624675,100,835.940154
